"","id","time","orden","palabra","genero","edad","formacion","partido","interes"
"1",1,2023-06-14 10:20:32,1,"chorra","Masculino",17,"secundario en curso","liberalismo","no"
"2",1,2023-06-14 10:20:32,2,"estafadora","Masculino",17,"secundario en curso","liberalismo","no"
"3",1,2023-06-14 10:20:32,3,"malapersona","Masculino",17,"secundario en curso","liberalismo","no"
"4",1,2023-06-14 10:20:32,4,"egoista","Masculino",17,"secundario en curso","liberalismo","no"
"5",1,2023-06-14 10:20:32,5,"politica","Masculino",17,"secundario en curso","liberalismo","no"
"6",2,2023-06-14 10:20:32,1,"politica","Masculino",17,"secundario en curso","otros","no"
"7",2,2023-06-14 10:20:32,2,"politica","Masculino",17,"secundario en curso","otros","no"
"8",2,2023-06-14 10:20:32,3,"politica","Masculino",17,"secundario en curso","otros","no"
"9",2,2023-06-14 10:20:32,4,"politica","Masculino",17,"secundario en curso","otros","no"
"10",2,2023-06-14 10:20:32,5,"politica","Masculino",17,"secundario en curso","otros","no"
"11",3,2023-06-14 10:24:58,1,"ladrona","Masculino",17,"secundario en curso","derecha","si"
"12",3,2023-06-14 10:24:58,2,"mentirosa","Masculino",17,"secundario en curso","derecha","si"
"13",3,2023-06-14 10:24:58,3,"delincunte","Masculino",17,"secundario en curso","derecha","si"
"14",3,2023-06-14 10:24:58,4,"mafiosa","Masculino",17,"secundario en curso","derecha","si"
"15",3,2023-06-14 10:24:58,5,"trastornada","Masculino",17,"secundario en curso","derecha","si"
"16",4,2023-06-14 10:28:29,1,"cristinafernandezdekirchner","Femenino",16,"secundario en curso","liberalismo","si"
"17",4,2023-06-14 10:28:29,2,"ladrona","Femenino",16,"secundario en curso","liberalismo","si"
"18",4,2023-06-14 10:28:29,3,"mentirosa","Femenino",16,"secundario en curso","liberalismo","si"
"19",4,2023-06-14 10:28:29,4,"incoherencia","Femenino",16,"secundario en curso","liberalismo","si"
"20",4,2023-06-14 10:28:29,5,"ungobiernodemierda","Femenino",16,"secundario en curso","liberalismo","si"
"21",5,2023-06-14 10:29:44,1,"corrupcion","Masculino",18,"secundario en curso","liberalismo","si"
"22",5,2023-06-14 10:29:44,2,"ladrona","Masculino",18,"secundario en curso","liberalismo","si"
"23",5,2023-06-14 10:29:44,3,"nestor","Masculino",18,"secundario en curso","liberalismo","si"
"24",5,2023-06-14 10:29:44,4,"pobreza","Masculino",18,"secundario en curso","liberalismo","si"
"25",5,2023-06-14 10:29:44,5,"empoderada","Masculino",18,"secundario en curso","liberalismo","si"
"26",6,2023-06-14 10:47:09,1,"cristina","Femenino",17,"secundario en curso","otros","no"
"27",6,2023-06-14 10:47:09,2,".","Femenino",17,"secundario en curso","otros","no"
"28",6,2023-06-14 10:47:09,3,".","Femenino",17,"secundario en curso","otros","no"
"29",6,2023-06-14 10:47:09,4,".","Femenino",17,"secundario en curso","otros","no"
"30",6,2023-06-14 10:47:09,5,".","Femenino",17,"secundario en curso","otros","no"
"31",7,2023-06-14 11:12:03,1,"chorra","Masculino",50,"universitario/terciario completo","otros","no"
"32",7,2023-06-14 11:12:03,2,"cinica","Masculino",50,"universitario/terciario completo","otros","no"
"33",7,2023-06-14 11:12:03,3,"asesina","Masculino",50,"universitario/terciario completo","otros","no"
"34",7,2023-06-14 11:12:03,4,"mentirosa","Masculino",50,"universitario/terciario completo","otros","no"
"35",7,2023-06-14 11:12:03,5,"egocentrica","Masculino",50,"universitario/terciario completo","otros","no"
"36",8,2023-06-14 11:13:07,1,"lider","Masculino",17,"secundario en curso","liberalismo","si"
"37",8,2023-06-14 11:13:07,2,"polemica","Masculino",17,"secundario en curso","liberalismo","si"
"38",8,2023-06-14 11:13:07,3,"popular","Masculino",17,"secundario en curso","liberalismo","si"
"39",8,2023-06-14 11:13:07,4,"controversial","Masculino",17,"secundario en curso","liberalismo","si"
"40",8,2023-06-14 11:13:07,5,"historica","Masculino",17,"secundario en curso","liberalismo","si"
"41",9,2023-06-14 11:29:26,1,"corrupcion","Masculino",18,"universitario/terciario en curso","liberalismo","si"
"42",9,2023-06-14 11:29:26,2,"impunidad","Masculino",18,"universitario/terciario en curso","liberalismo","si"
"43",9,2023-06-14 11:29:26,3,"robo","Masculino",18,"universitario/terciario en curso","liberalismo","si"
"44",9,2023-06-14 11:29:26,4,"lavadodedinero","Masculino",18,"universitario/terciario en curso","liberalismo","si"
"45",9,2023-06-14 11:29:26,5,"chorra","Masculino",18,"universitario/terciario en curso","liberalismo","si"
"46",10,2023-06-14 11:40:04,1,"vicepresidenta","Femenino",47,"universitario/terciario completo","otros","si"
"47",10,2023-06-14 11:40:04,2,"abogada","Femenino",47,"universitario/terciario completo","otros","si"
"48",10,2023-06-14 11:40:04,3,"dominante","Femenino",47,"universitario/terciario completo","otros","si"
"49",10,2023-06-14 11:40:04,4,"corrupta","Femenino",47,"universitario/terciario completo","otros","si"
"50",10,2023-06-14 11:40:04,5,"manipuladora","Femenino",47,"universitario/terciario completo","otros","si"
"51",11,2023-06-14 11:42:15,1,"chorra","Femenino",17,"secundario en curso","otros","no"
"52",11,2023-06-14 11:42:15,2,"pobreza","Femenino",17,"secundario en curso","otros","no"
"53",11,2023-06-14 11:42:15,3,"corrupcion","Femenino",17,"secundario en curso","otros","no"
"54",11,2023-06-14 11:42:15,4,"abusodepoder","Femenino",17,"secundario en curso","otros","no"
"55",11,2023-06-14 11:42:15,5,"planessociale","Femenino",17,"secundario en curso","otros","no"
"56",12,2023-06-14 11:42:59,1,"ladrona","Masculino",17,"secundario en curso","liberalismo","si"
"57",12,2023-06-14 11:42:59,2,"condenada","Masculino",17,"secundario en curso","liberalismo","si"
"58",12,2023-06-14 11:42:59,3,"estafadora","Masculino",17,"secundario en curso","liberalismo","si"
"59",12,2023-06-14 11:42:59,4,"corrupta","Masculino",17,"secundario en curso","liberalismo","si"
"60",12,2023-06-14 11:42:59,5,"sanguinaria","Masculino",17,"secundario en curso","liberalismo","si"
"61",13,2023-06-14 11:44:26,1,"ladrona","Femenino",17,"secundario en curso","otros","no"
"62",13,2023-06-14 11:44:26,2,"feminista","Femenino",17,"secundario en curso","otros","no"
"63",13,2023-06-14 11:44:26,3,"corrupta","Femenino",17,"secundario en curso","otros","no"
"64",13,2023-06-14 11:44:26,4,"pueblo","Femenino",17,"secundario en curso","otros","no"
"65",13,2023-06-14 11:44:26,5,"controvercial","Femenino",17,"secundario en curso","otros","no"
"66",14,2023-06-14 11:48:24,1,"robo","Masculino",17,"secundario en curso","otros","no"
"67",14,2023-06-14 11:48:24,2,"pobreza","Masculino",17,"secundario en curso","otros","no"
"68",14,2023-06-14 11:48:24,3,"crimen","Masculino",17,"secundario en curso","otros","no"
"69",14,2023-06-14 11:48:24,4,"fraude","Masculino",17,"secundario en curso","otros","no"
"70",14,2023-06-14 11:48:24,5,"injusticia","Masculino",17,"secundario en curso","otros","no"
"71",15,2023-06-14 11:48:49,1,"mentirosa","Femenino",45,"secundario completo","otros","si"
"72",15,2023-06-14 11:48:49,2,"soberbia","Femenino",45,"secundario completo","otros","si"
"73",15,2023-06-14 11:48:49,3,"corrupta","Femenino",45,"secundario completo","otros","si"
"74",15,2023-06-14 11:48:49,4,"popular","Femenino",45,"secundario completo","otros","si"
"75",15,2023-06-14 11:48:49,5,"todoloquenoestabien.","Femenino",45,"secundario completo","otros","si"
"76",16,2023-06-14 11:50:58,1,"cristinafernandezdekirchner","Masculino",17,"secundario en curso","otros","no"
"77",16,2023-06-14 11:50:58,2,"calvinklein","Masculino",17,"secundario en curso","otros","no"
"78",16,2023-06-14 11:50:58,3,"kentuckyfriechicken","Masculino",17,"secundario en curso","otros","no"
"79",16,2023-06-14 11:50:58,4,"nestorkischner","Masculino",17,"secundario en curso","otros","no"
"80",16,2023-06-14 11:50:58,5,"albertofernandez","Masculino",17,"secundario en curso","otros","no"
"81",17,2023-06-14 11:52:06,1,"lidernatural","Masculino",45,"prefiero no decirlo","peronismo","si"
"82",17,2023-06-14 11:52:06,2,"estadista","Masculino",45,"prefiero no decirlo","peronismo","si"
"83",17,2023-06-14 11:52:06,3,"jefa","Masculino",45,"prefiero no decirlo","peronismo","si"
"84",17,2023-06-14 11:52:06,4,"referente","Masculino",45,"prefiero no decirlo","peronismo","si"
"85",17,2023-06-14 11:52:06,5,"militancia","Masculino",45,"prefiero no decirlo","peronismo","si"
"86",18,2023-06-14 11:54:51,1,"caritinafernandezdekirchner","Femenino",15,"secundario en curso","peronismo","no"
"87",18,2023-06-14 11:54:51,2,"presidenta","Femenino",15,"secundario en curso","peronismo","no"
"88",18,2023-06-14 11:54:51,3,"corrupta","Femenino",15,"secundario en curso","peronismo","no"
"89",18,2023-06-14 11:54:51,4,"politica","Femenino",15,"secundario en curso","peronismo","no"
"90",18,2023-06-14 11:54:51,5,"mujer","Femenino",15,"secundario en curso","peronismo","no"
"91",19,2023-06-14 12:02:27,1,"primerapresidenta","Femenino",16,"secundario en curso","otros","no"
"92",19,2023-06-14 12:02:27,2,"genteqlaquierecomigenteqnolaquiere","Femenino",16,"secundario en curso","otros","no"
"93",19,2023-06-14 12:02:27,3,"politica","Femenino",16,"secundario en curso","otros","no"
"94",19,2023-06-14 12:02:27,4,"mujer","Femenino",16,"secundario en curso","otros","no"
"95",19,2023-06-14 12:02:27,5,"encontradmacri","Femenino",16,"secundario en curso","otros","no"
"96",20,2023-06-14 12:11:15,1,"simbolo","Femenino",17,"secundario en curso","peronismo","si"
"97",20,2023-06-14 12:11:15,2,"inteligencia","Femenino",17,"secundario en curso","peronismo","si"
"98",20,2023-06-14 12:11:15,3,"polemica","Femenino",17,"secundario en curso","peronismo","si"
"99",20,2023-06-14 12:11:15,4,"historia","Femenino",17,"secundario en curso","peronismo","si"
"100",20,2023-06-14 12:11:15,5,"contundencia","Femenino",17,"secundario en curso","peronismo","si"
"101",21,2023-06-14 12:18:44,1,"corrupcion","Masculino",17,"secundario completo","derecha","si"
"102",21,2023-06-14 12:18:44,2,"chorra","Masculino",17,"secundario completo","derecha","si"
"103",21,2023-06-14 12:18:44,3,"crisi","Masculino",17,"secundario completo","derecha","si"
"104",21,2023-06-14 12:18:44,4,"narcotrafico","Masculino",17,"secundario completo","derecha","si"
"105",21,2023-06-14 12:18:44,5,"abusodepoder","Masculino",17,"secundario completo","derecha","si"
"106",22,2023-06-14 12:33:48,1,"presidencia","Masculino",17,"secundario en curso","liberalismo","no"
"107",22,2023-06-14 12:33:48,2,"criticada","Masculino",17,"secundario en curso","liberalismo","no"
"108",22,2023-06-14 12:33:48,3,"politica","Masculino",17,"secundario en curso","liberalismo","no"
"109",22,2023-06-14 12:33:48,4,"cristina","Masculino",17,"secundario en curso","liberalismo","no"
"110",22,2023-06-14 12:33:48,5,"robo","Masculino",17,"secundario en curso","liberalismo","no"
"111",23,2023-06-14 12:54:30,1,"presidenta","Femenino",16,"secundario en curso","otros","no"
"112",23,2023-06-14 12:54:30,2,"peronismo","Femenino",16,"secundario en curso","otros","no"
"113",23,2023-06-14 12:54:30,3,"robo","Femenino",16,"secundario en curso","otros","no"
"114",23,2023-06-14 12:54:30,4,"argentina","Femenino",16,"secundario en curso","otros","no"
"115",23,2023-06-14 12:54:30,5,"politica","Femenino",16,"secundario en curso","otros","no"
"116",24,2023-06-14 13:46:25,1,"inteligente","Femenino",17,"secundario en curso","otros","si"
"117",24,2023-06-14 13:46:25,2,"egoista","Femenino",17,"secundario en curso","otros","si"
"118",24,2023-06-14 13:46:25,3,"corrupta","Femenino",17,"secundario en curso","otros","si"
"119",24,2023-06-14 13:46:25,4,"cinica","Femenino",17,"secundario en curso","otros","si"
"120",24,2023-06-14 13:46:25,5,"imponente","Femenino",17,"secundario en curso","otros","si"
"121",25,2023-06-14 13:53:10,1,"robo","Femenino",16,"secundario en curso","derecha","no"
"122",25,2023-06-14 13:53:10,2,"peronismo","Femenino",16,"secundario en curso","derecha","no"
"123",25,2023-06-14 13:53:10,3,"politica","Femenino",16,"secundario en curso","derecha","no"
"124",25,2023-06-14 13:53:10,4,"provinciadebsa","Femenino",16,"secundario en curso","derecha","no"
"125",25,2023-06-14 13:53:10,5,"nada","Femenino",16,"secundario en curso","derecha","no"
"126",26,2023-06-14 14:14:10,1,"cristian","Masculino",45,"universitario/terciario completo","otros","si"
"127",26,2023-06-14 14:14:10,2,"corrupcion","Masculino",45,"universitario/terciario completo","otros","si"
"128",26,2023-06-14 14:14:10,3,"kirtchner","Masculino",45,"universitario/terciario completo","otros","si"
"129",26,2023-06-14 14:14:10,4,"presidencia","Masculino",45,"universitario/terciario completo","otros","si"
"130",26,2023-06-14 14:14:10,5,"ninguna","Masculino",45,"universitario/terciario completo","otros","si"
"131",27,2023-06-14 14:16:22,1,"lucha","Femenino",44,"universitario/terciario completo","peronismo","si"
"132",27,2023-06-14 14:16:22,2,"energia","Femenino",44,"universitario/terciario completo","peronismo","si"
"133",27,2023-06-14 14:16:22,3,"sosten","Femenino",44,"universitario/terciario completo","peronismo","si"
"134",27,2023-06-14 14:16:22,4,"representacion","Femenino",44,"universitario/terciario completo","peronismo","si"
"135",27,2023-06-14 14:16:22,5,"igualdad","Femenino",44,"universitario/terciario completo","peronismo","si"
"136",28,2023-06-14 14:19:50,1,"estafa","Femenino",42,"universitario/terciario completo","derecha","si"
"137",28,2023-06-14 14:19:50,2,"mentira","Femenino",42,"universitario/terciario completo","derecha","si"
"138",28,2023-06-14 14:19:50,3,"excelenteoradora","Femenino",42,"universitario/terciario completo","derecha","si"
"139",28,2023-06-14 14:19:50,4,"traicion","Femenino",42,"universitario/terciario completo","derecha","si"
"140",28,2023-06-14 14:19:50,5,"egoista","Femenino",42,"universitario/terciario completo","derecha","si"
"141",29,2023-06-14 14:20:29,1,"centuckyfriedchicken","Masculino",44,"universitario/terciario en curso","otros","si"
"142",29,2023-06-14 14:20:29,2,"irreconciliable","Masculino",44,"universitario/terciario en curso","otros","si"
"143",29,2023-06-14 14:20:29,3,"2007","Masculino",44,"universitario/terciario en curso","otros","si"
"144",29,2023-06-14 14:20:29,4,"macri","Masculino",44,"universitario/terciario en curso","otros","si"
"145",29,2023-06-14 14:20:29,5,"recoleta","Masculino",44,"universitario/terciario en curso","otros","si"
"146",30,2023-06-14 14:22:19,1,"cfk=pobrezadelaargentina","Masculino",34,"universitario/terciario completo","otros","no"
"147",30,2023-06-14 14:22:19,2,"larespuestadelaanteriorpregunta","Masculino",34,"universitario/terciario completo","otros","no"
"148",30,2023-06-14 14:22:19,3,"yasisucesivamente...","Masculino",34,"universitario/terciario completo","otros","no"
"149",30,2023-06-14 14:22:19,4,"...","Masculino",34,"universitario/terciario completo","otros","no"
"150",30,2023-06-14 14:22:19,5,"...","Masculino",34,"universitario/terciario completo","otros","no"
"151",31,2023-06-14 14:27:34,1,"populismo","Masculino",38,"universitario/terciario en curso","otros","no"
"152",31,2023-06-14 14:27:34,2,"lider","Masculino",38,"universitario/terciario en curso","otros","no"
"153",31,2023-06-14 14:27:34,3,"audaz","Masculino",38,"universitario/terciario en curso","otros","no"
"154",31,2023-06-14 14:27:34,4,"“inteligente”","Masculino",38,"universitario/terciario en curso","otros","no"
"155",31,2023-06-14 14:27:34,5,"poder","Masculino",38,"universitario/terciario en curso","otros","no"
"156",32,2023-06-14 14:31:17,1,"unaestadista","Masculino",60,"secundario completo","peronismo","si"
"157",32,2023-06-14 14:31:17,2,"defiendelosinteresesdelpueblo","Masculino",60,"secundario completo","peronismo","si"
"158",32,2023-06-14 14:31:17,3,"perseguidapolitica","Masculino",60,"secundario completo","peronismo","si"
"159",32,2023-06-14 14:31:17,4,"lamejorpoliticadelpai","Masculino",60,"secundario completo","peronismo","si"
"160",32,2023-06-14 14:31:17,5,"unamujerconmuchocoraje","Masculino",60,"secundario completo","peronismo","si"
"161",33,2023-06-14 14:34:14,1,"carino","Masculino",47,"secundario completo","izquierda","si"
"162",33,2023-06-14 14:34:14,2,"morocha","Masculino",47,"secundario completo","izquierda","si"
"163",33,2023-06-14 14:34:14,3,"mujer","Masculino",47,"secundario completo","izquierda","si"
"164",33,2023-06-14 14:34:14,4,"huevo","Masculino",47,"secundario completo","izquierda","si"
"165",33,2023-06-14 14:34:14,5,"politica","Masculino",47,"secundario completo","izquierda","si"
"166",34,2023-06-14 14:34:19,1,"pobreza","Masculino",39,"secundario completo","otros","si"
"167",34,2023-06-14 14:34:19,2,"nepotismo","Masculino",39,"secundario completo","otros","si"
"168",34,2023-06-14 14:34:19,3,"oratoria","Masculino",39,"secundario completo","otros","si"
"169",34,2023-06-14 14:34:19,4,"corrupcion","Masculino",39,"secundario completo","otros","si"
"170",34,2023-06-14 14:34:19,5,"grieta","Masculino",39,"secundario completo","otros","si"
"171",35,2023-06-14 14:36:11,1,"engano","Femenino",34,"secundario completo","otros","no"
"172",35,2023-06-14 14:36:11,2,"mentira","Femenino",34,"secundario completo","otros","no"
"173",35,2023-06-14 14:36:11,3,"ocultamiento","Femenino",34,"secundario completo","otros","no"
"174",35,2023-06-14 14:36:11,4,"mafia","Femenino",34,"secundario completo","otros","no"
"175",35,2023-06-14 14:36:11,5,"vago","Femenino",34,"secundario completo","otros","no"
"176",36,2023-06-14 14:41:16,1,"corrupcion","Femenino",45,"universitario/terciario completo","otros","no"
"177",36,2023-06-14 14:41:16,2,"encubrimiento","Femenino",45,"universitario/terciario completo","otros","no"
"178",36,2023-06-14 14:41:16,3,"impunidad","Femenino",45,"universitario/terciario completo","otros","no"
"179",36,2023-06-14 14:41:16,4,"pobreza","Femenino",45,"universitario/terciario completo","otros","no"
"180",36,2023-06-14 14:41:16,5,"aprovechamiento","Femenino",45,"universitario/terciario completo","otros","no"
"181",37,2023-06-14 14:44:06,1,"expresidentadelanacion","Femenino",67,"secundario completo","otros","si"
"182",37,2023-06-14 14:44:06,2,"liderdelmovimientokirnerista","Femenino",67,"secundario completo","otros","si"
"183",37,2023-06-14 14:44:06,3,"actualviceprisidenta","Femenino",67,"secundario completo","otros","si"
"184",37,2023-06-14 14:44:06,4,"luchadoraxlosderechosdelamujer","Femenino",67,"secundario completo","otros","si"
"185",37,2023-06-14 14:44:06,5,"posiblecanditaparalasproximaseleccione","Femenino",67,"secundario completo","otros","si"
"186",38,2023-06-14 15:10:18,1,"siniestra","Femenino",39,"secundario completo","derecha","no"
"187",38,2023-06-14 15:10:18,2,"asco","Femenino",39,"secundario completo","derecha","no"
"188",38,2023-06-14 15:10:18,3,"hijadeputa","Femenino",39,"secundario completo","derecha","no"
"189",38,2023-06-14 15:10:18,4,"sinverguenza","Femenino",39,"secundario completo","derecha","no"
"190",38,2023-06-14 15:10:18,5,"especuladora","Femenino",39,"secundario completo","derecha","no"
"191",39,2023-06-14 18:26:22,1,"referente","Masculino",29,"secundario completo","peronismo","si"
"192",39,2023-06-14 18:26:22,2,"ex-presidenta","Masculino",29,"secundario completo","peronismo","si"
"193",39,2023-06-14 18:26:22,3,"vicepresidenta","Masculino",29,"secundario completo","peronismo","si"
"194",39,2023-06-14 18:26:22,4,"lider","Masculino",29,"secundario completo","peronismo","si"
"195",39,2023-06-14 18:26:22,5,"peronismo","Masculino",29,"secundario completo","peronismo","si"
"196",40,2023-06-14 19:42:22,1,"yegua","Femenino",73,"secundario completo","derecha","no"
"197",40,2023-06-14 19:42:22,2,"hdp","Femenino",73,"secundario completo","derecha","no"
"198",40,2023-06-14 19:42:22,3,"malefica","Femenino",73,"secundario completo","derecha","no"
"199",40,2023-06-14 19:42:22,4,"puta","Femenino",73,"secundario completo","derecha","no"
"200",40,2023-06-14 19:42:22,5,"maldita","Femenino",73,"secundario completo","derecha","no"
"201",41,2023-06-14 19:42:39,1,"traidora","Masculino",74,"secundario completo","otros","si"
"202",41,2023-06-14 19:42:39,2,"inmoral","Masculino",74,"secundario completo","otros","si"
"203",41,2023-06-14 19:42:39,3,"sinverguenza","Masculino",74,"secundario completo","otros","si"
"204",41,2023-06-14 19:42:39,4,"corrupta","Masculino",74,"secundario completo","otros","si"
"205",41,2023-06-14 19:42:39,5,"tragedia","Masculino",74,"secundario completo","otros","si"
"206",42,2023-06-14 20:40:44,1,"chorra","Femenino",17,"secundario en curso","otros","si"
"207",42,2023-06-14 20:40:44,2,"chamuyera","Femenino",17,"secundario en curso","otros","si"
"208",42,2023-06-14 20:40:44,3,"inteligente","Femenino",17,"secundario en curso","otros","si"
"209",42,2023-06-14 20:40:44,4,"-","Femenino",17,"secundario en curso","otros","si"
"210",42,2023-06-14 20:40:44,5,"-","Femenino",17,"secundario en curso","otros","si"
"211",43,2023-06-14 20:41:49,1,"cristina","Femenino",17,"secundario en curso","otros","no"
"212",43,2023-06-14 20:41:49,2,"albertofernandez","Femenino",17,"secundario en curso","otros","no"
"213",43,2023-06-14 20:41:49,3,"presidencia","Femenino",17,"secundario en curso","otros","no"
"214",43,2023-06-14 20:41:49,4,"peronismo","Femenino",17,"secundario en curso","otros","no"
"215",43,2023-06-14 20:41:49,5,"peron","Femenino",17,"secundario en curso","otros","no"
"216",44,2023-06-14 20:43:42,1,"noesigualperolacomidarapidakfc","Femenino",17,"secundario en curso","otros","no"
"217",44,2023-06-14 20:43:42,2,"unaenfermedad","Femenino",17,"secundario en curso","otros","no"
"218",44,2023-06-14 20:43:42,3,"inicialesdealgoimportante","Femenino",17,"secundario en curso","otros","no"
"219",44,2023-06-14 20:43:42,4,"arma","Femenino",17,"secundario en curso","otros","no"
"220",44,2023-06-14 20:43:42,5,"nada","Femenino",17,"secundario en curso","otros","no"
"221",45,2023-06-14 20:47:21,1,"afano","Femenino",17,"secundario en curso","liberalismo","si"
"222",45,2023-06-14 20:47:21,2,"decadencia","Femenino",17,"secundario en curso","liberalismo","si"
"223",45,2023-06-14 20:47:21,3,"mentira","Femenino",17,"secundario en curso","liberalismo","si"
"224",45,2023-06-14 20:47:21,4,"planessociale","Femenino",17,"secundario en curso","liberalismo","si"
"225",45,2023-06-14 20:47:21,5,"hipocresia","Femenino",17,"secundario en curso","liberalismo","si"
"226",46,2023-06-14 21:24:47,1,"genia","Masculino",44,"secundario completo","peronismo","si"
"227",46,2023-06-14 21:24:47,2,"genia","Masculino",44,"secundario completo","peronismo","si"
"228",46,2023-06-14 21:24:47,3,"genia","Masculino",44,"secundario completo","peronismo","si"
"229",46,2023-06-14 21:24:47,4,"genia","Masculino",44,"secundario completo","peronismo","si"
"230",46,2023-06-14 21:24:47,5,"genia","Masculino",44,"secundario completo","peronismo","si"
"231",47,2023-06-14 22:46:14,1,"presidente","Femenino",17,"secundario en curso","derecha","no"
"232",47,2023-06-14 22:46:14,2,"tranfuga","Femenino",17,"secundario en curso","derecha","no"
"233",47,2023-06-14 22:46:14,3,"chorra","Femenino",17,"secundario en curso","derecha","no"
"234",47,2023-06-14 22:46:14,4,"mentirosa","Femenino",17,"secundario en curso","derecha","no"
"235",47,2023-06-14 22:46:14,5,"polemica","Femenino",17,"secundario en curso","derecha","no"
"236",48,2023-06-14 22:48:33,1,"corrupta","Masculino",34,"universitario/terciario en curso","liberalismo","no"
"237",48,2023-06-14 22:48:33,2,"fraudulenta","Masculino",34,"universitario/terciario en curso","liberalismo","no"
"238",48,2023-06-14 22:48:33,3,"conspiradora","Masculino",34,"universitario/terciario en curso","liberalismo","no"
"239",48,2023-06-14 22:48:33,4,"mafiosa","Masculino",34,"universitario/terciario en curso","liberalismo","no"
"240",48,2023-06-14 22:48:33,5,"mentirosa","Masculino",34,"universitario/terciario en curso","liberalismo","no"
"241",49,2023-06-14 22:50:12,1,"presidenta","Femenino",17,"secundario en curso","izquierda","no"
"242",49,2023-06-14 22:50:12,2,"nestor","Femenino",17,"secundario en curso","izquierda","no"
"243",49,2023-06-14 22:50:12,3,"peronismo","Femenino",17,"secundario en curso","izquierda","no"
"244",49,2023-06-14 22:50:12,4,"kirchnerismo","Femenino",17,"secundario en curso","izquierda","no"
"245",49,2023-06-14 22:50:12,5,"campora","Femenino",17,"secundario en curso","izquierda","no"
"246",50,2023-06-14 22:51:57,1,"cristina","Femenino",17,"secundario en curso","otros","no"
"247",50,2023-06-14 22:51:57,2,"politica","Femenino",17,"secundario en curso","otros","no"
"248",50,2023-06-14 22:51:57,3,"presidencia","Femenino",17,"secundario en curso","otros","no"
"249",50,2023-06-14 22:51:57,4,"estafa","Femenino",17,"secundario en curso","otros","no"
"250",50,2023-06-14 22:51:57,5,"bardo","Femenino",17,"secundario en curso","otros","no"
"251",51,2023-06-14 23:40:20,1,"mentira","Femenino",48,"universitario/terciario completo","otros","no"
"252",51,2023-06-14 23:40:20,2,"ladrona","Femenino",48,"universitario/terciario completo","otros","no"
"253",51,2023-06-14 23:40:20,3,"corrupcion","Femenino",48,"universitario/terciario completo","otros","no"
"254",51,2023-06-14 23:40:20,4,"crimen","Femenino",48,"universitario/terciario completo","otros","no"
"255",51,2023-06-14 23:40:20,5,"manipuladora","Femenino",48,"universitario/terciario completo","otros","no"
"256",52,2023-06-15 00:32:32,1,"injusticia","Femenino",37,"universitario/terciario completo","liberalismo","no"
"257",52,2023-06-15 00:32:32,2,"impunidad","Femenino",37,"universitario/terciario completo","liberalismo","no"
"258",52,2023-06-15 00:32:32,3,"descaro","Femenino",37,"universitario/terciario completo","liberalismo","no"
"259",52,2023-06-15 00:32:32,4,"robo","Femenino",37,"universitario/terciario completo","liberalismo","no"
"260",52,2023-06-15 00:32:32,5,"delincuente","Femenino",37,"universitario/terciario completo","liberalismo","no"
"261",53,2023-06-15 01:21:51,1,"cristina","Masculino",18,"secundario en curso","liberalismo","no"
"262",53,2023-06-15 01:21:51,2,"chorra","Masculino",18,"secundario en curso","liberalismo","no"
"263",53,2023-06-15 01:21:51,3,"ladrona","Masculino",18,"secundario en curso","liberalismo","no"
"264",53,2023-06-15 01:21:51,4,"presa","Masculino",18,"secundario en curso","liberalismo","no"
"265",53,2023-06-15 01:21:51,5,"ignorante","Masculino",18,"secundario en curso","liberalismo","no"
"266",54,2023-06-15 06:46:22,1,"corrupcion","Femenino",17,"secundario en curso","derecha","no"
"267",54,2023-06-15 06:46:22,2,"delincuente","Femenino",17,"secundario en curso","derecha","no"
"268",54,2023-06-15 06:46:22,3,"desconfianza","Femenino",17,"secundario en curso","derecha","no"
"269",54,2023-06-15 06:46:22,4,"pobreza","Femenino",17,"secundario en curso","derecha","no"
"270",54,2023-06-15 06:46:22,5,"caidaeconomica","Femenino",17,"secundario en curso","derecha","no"
"271",55,2023-06-15 06:57:12,1,"representante","Masculino",17,"secundario en curso","otros","no"
"272",55,2023-06-15 06:57:12,2,"politica","Masculino",17,"secundario en curso","otros","no"
"273",55,2023-06-15 06:57:12,3,"polemica","Masculino",17,"secundario en curso","otros","no"
"274",55,2023-06-15 06:57:12,4,"investigada","Masculino",17,"secundario en curso","otros","no"
"275",55,2023-06-15 06:57:12,5,"inteligente","Masculino",17,"secundario en curso","otros","no"
"276",56,2023-06-15 07:03:01,1,"ladrona","Masculino",17,"secundario en curso","otros","no"
"277",56,2023-06-15 07:03:01,2,"inteligente","Masculino",17,"secundario en curso","otros","no"
"278",56,2023-06-15 07:03:01,3,"culpable","Masculino",17,"secundario en curso","otros","no"
"279",56,2023-06-15 07:03:01,4,"influenciadora","Masculino",17,"secundario en curso","otros","no"
"280",56,2023-06-15 07:03:01,5,"mentirosa","Masculino",17,"secundario en curso","otros","no"
"281",57,2023-06-15 07:43:29,1,"vieja","Masculino",17,"secundario en curso","otros","no"
"282",57,2023-06-15 07:43:29,2,"bipolar","Masculino",17,"secundario en curso","otros","no"
"283",57,2023-06-15 07:43:29,3,"garca","Masculino",17,"secundario en curso","otros","no"
"284",57,2023-06-15 07:43:29,4,"inutil","Masculino",17,"secundario en curso","otros","no"
"285",57,2023-06-15 07:43:29,5,"fracasada","Masculino",17,"secundario en curso","otros","no"
"286",58,2023-06-15 09:11:14,1,"delincuente","Masculino",60,"secundario completo","derecha","no"
"287",58,2023-06-15 09:11:14,2,"presa","Masculino",60,"secundario completo","derecha","no"
"288",58,2023-06-15 09:11:14,3,"corrupcion","Masculino",60,"secundario completo","derecha","no"
"289",58,2023-06-15 09:11:14,4,"detestable","Masculino",60,"secundario completo","derecha","no"
"290",58,2023-06-15 09:11:14,5,"verguenza","Masculino",60,"secundario completo","derecha","no"
"291",59,2023-06-15 09:14:30,1,"ladrona","Femenino",41,"universitario/terciario completo","otros","si"
"292",59,2023-06-15 09:14:30,2,"inteligente","Femenino",41,"universitario/terciario completo","otros","si"
"293",59,2023-06-15 09:14:30,3,"persuasiva","Femenino",41,"universitario/terciario completo","otros","si"
"294",59,2023-06-15 09:14:30,4,"mentirosa","Femenino",41,"universitario/terciario completo","otros","si"
"295",59,2023-06-15 09:14:30,5,"interesada","Femenino",41,"universitario/terciario completo","otros","si"
"296",60,2023-06-15 09:15:55,1,"psicopata","Femenino",66,"universitario/terciario completo","liberalismo","no"
"297",60,2023-06-15 09:15:55,2,"ladrona","Femenino",66,"universitario/terciario completo","liberalismo","no"
"298",60,2023-06-15 09:15:55,3,"irresponsable","Femenino",66,"universitario/terciario completo","liberalismo","no"
"299",60,2023-06-15 09:15:55,4,"mentirosa","Femenino",66,"universitario/terciario completo","liberalismo","no"
"300",60,2023-06-15 09:15:55,5,"megalomana","Femenino",66,"universitario/terciario completo","liberalismo","no"
"301",61,2023-06-15 09:18:28,1,"descontextualizada","Femenino",56,"universitario/terciario completo","otros","no"
"302",61,2023-06-15 09:18:28,2,"alienada","Femenino",56,"universitario/terciario completo","otros","no"
"303",61,2023-06-15 09:18:28,3,"pocoprofesional","Femenino",56,"universitario/terciario completo","otros","no"
"304",61,2023-06-15 09:18:28,4,"alejadadelarealidad","Femenino",56,"universitario/terciario completo","otros","no"
"305",61,2023-06-15 09:18:28,5,"soberbia","Femenino",56,"universitario/terciario completo","otros","no"
"306",62,2023-06-15 09:18:53,1,"enojo","Masculino",43,"secundario completo","derecha","si"
"307",62,2023-06-15 09:18:53,2,"ladrona","Masculino",43,"secundario completo","derecha","si"
"308",62,2023-06-15 09:18:53,3,"mentirosa","Masculino",43,"secundario completo","derecha","si"
"309",62,2023-06-15 09:18:53,4,"inmoral","Masculino",43,"secundario completo","derecha","si"
"310",62,2023-06-15 09:18:53,5,"tristeza","Masculino",43,"secundario completo","derecha","si"
"311",63,2023-06-15 09:19:30,1,"nosemeocurre","Femenino",39,"universitario/terciario completo","otros","no"
"312",63,2023-06-15 09:19:30,2,"nosemeocurre","Femenino",39,"universitario/terciario completo","otros","no"
"313",63,2023-06-15 09:19:30,3,"nosemeocurre","Femenino",39,"universitario/terciario completo","otros","no"
"314",63,2023-06-15 09:19:30,4,"nosemeocurre","Femenino",39,"universitario/terciario completo","otros","no"
"315",63,2023-06-15 09:19:30,5,"nosemeocurre","Femenino",39,"universitario/terciario completo","otros","no"
"316",64,2023-06-15 09:28:15,1,"mujer","Femenino",41,"secundario completo","otros","si"
"317",64,2023-06-15 09:28:15,2,"valiente","Femenino",41,"secundario completo","otros","si"
"318",64,2023-06-15 09:28:15,3,"presidenta","Femenino",41,"secundario completo","otros","si"
"319",64,2023-06-15 09:28:15,4,"soberbia","Femenino",41,"secundario completo","otros","si"
"320",64,2023-06-15 09:28:15,5,"agresiva","Femenino",41,"secundario completo","otros","si"
"321",65,2023-06-15 09:30:46,1,"indignante","Femenino",41,"universitario/terciario completo","derecha","si"
"322",65,2023-06-15 09:30:46,2,"corrupcion","Femenino",41,"universitario/terciario completo","derecha","si"
"323",65,2023-06-15 09:30:46,3,"injusticia","Femenino",41,"universitario/terciario completo","derecha","si"
"324",65,2023-06-15 09:30:46,4,"ladrona","Femenino",41,"universitario/terciario completo","derecha","si"
"325",65,2023-06-15 09:30:46,5,"manipuladora","Femenino",41,"universitario/terciario completo","derecha","si"
"326",66,2023-06-15 09:32:05,1,"corrupcion","Femenino",34,"universitario/terciario completo","derecha","si"
"327",66,2023-06-15 09:32:05,2,"ladron","Femenino",34,"universitario/terciario completo","derecha","si"
"328",66,2023-06-15 09:32:05,3,"lavadodecerebro","Femenino",34,"universitario/terciario completo","derecha","si"
"329",66,2023-06-15 09:32:05,4,"asco","Femenino",34,"universitario/terciario completo","derecha","si"
"330",66,2023-06-15 09:32:05,5,"chorra","Femenino",34,"universitario/terciario completo","derecha","si"
"331",67,2023-06-15 09:32:49,1,"tristeza","Femenino",32,"secundario completo","otros","no"
"332",67,2023-06-15 09:32:49,2,"desilusion","Femenino",32,"secundario completo","otros","no"
"333",67,2023-06-15 09:32:49,3,"manipulacion","Femenino",32,"secundario completo","otros","no"
"334",67,2023-06-15 09:32:49,4,"chamuyera","Femenino",32,"secundario completo","otros","no"
"335",67,2023-06-15 09:32:49,5,"malapersona","Femenino",32,"secundario completo","otros","no"
"336",68,2023-06-15 09:33:48,1,"corrupcion","Femenino",39,"universitario/terciario completo","derecha","si"
"337",68,2023-06-15 09:33:48,2,"inoperancia","Femenino",39,"universitario/terciario completo","derecha","si"
"338",68,2023-06-15 09:33:48,3,"grieta","Femenino",39,"universitario/terciario completo","derecha","si"
"339",68,2023-06-15 09:33:48,4,"robo","Femenino",39,"universitario/terciario completo","derecha","si"
"340",68,2023-06-15 09:33:48,5,"analfabetismo","Femenino",39,"universitario/terciario completo","derecha","si"
"341",69,2023-06-15 09:34:06,1,"nada","Femenino",42,"secundario completo","otros","no"
"342",69,2023-06-15 09:34:06,2,"antipatica","Femenino",42,"secundario completo","otros","no"
"343",69,2023-06-15 09:34:06,3,"altanera","Femenino",42,"secundario completo","otros","no"
"344",69,2023-06-15 09:34:06,4,"vacio","Femenino",42,"secundario completo","otros","no"
"345",69,2023-06-15 09:34:06,5,"soledad","Femenino",42,"secundario completo","otros","no"
"346",70,2023-06-15 09:36:07,1,"ladrona","Masculino",17,"secundario en curso","liberalismo","no"
"347",70,2023-06-15 09:36:07,2,"robo","Masculino",17,"secundario en curso","liberalismo","no"
"348",70,2023-06-15 09:36:07,3,"ortiva","Masculino",17,"secundario en curso","liberalismo","no"
"349",70,2023-06-15 09:36:07,4,"mentirosa","Masculino",17,"secundario en curso","liberalismo","no"
"350",70,2023-06-15 09:36:07,5,"garca","Masculino",17,"secundario en curso","liberalismo","no"
"351",71,2023-06-15 09:36:14,1,"ladrona","Femenino",24,"universitario/terciario completo","otros","si"
"352",71,2023-06-15 09:36:14,2,"izquierda","Femenino",24,"universitario/terciario completo","otros","si"
"353",71,2023-06-15 09:36:14,3,"corrupto","Femenino",24,"universitario/terciario completo","otros","si"
"354",71,2023-06-15 09:36:14,4,"dolar","Femenino",24,"universitario/terciario completo","otros","si"
"355",71,2023-06-15 09:36:14,5,"mujer","Femenino",24,"universitario/terciario completo","otros","si"
"356",72,2023-06-15 09:42:15,1,"chorra","Femenino",46,"secundario completo","otros","no"
"357",72,2023-06-15 09:42:15,2,"soberbia","Femenino",46,"secundario completo","otros","no"
"358",72,2023-06-15 09:42:15,3,"corrupta","Femenino",46,"secundario completo","otros","no"
"359",72,2023-06-15 09:42:15,4,"hijadeputa","Femenino",46,"secundario completo","otros","no"
"360",72,2023-06-15 09:42:15,5,"asxo","Femenino",46,"secundario completo","otros","no"
"361",73,2023-06-15 09:48:26,1,"ladrona","Masculino",39,"universitario/terciario completo","derecha","no"
"362",73,2023-06-15 09:48:26,2,"asesina","Masculino",39,"universitario/terciario completo","derecha","no"
"363",73,2023-06-15 09:48:26,3,"estafadora","Masculino",39,"universitario/terciario completo","derecha","no"
"364",73,2023-06-15 09:48:26,4,"cancer","Masculino",39,"universitario/terciario completo","derecha","no"
"365",73,2023-06-15 09:48:26,5,"escoria","Masculino",39,"universitario/terciario completo","derecha","no"
"366",74,2023-06-15 09:52:11,1,"ladrona","Masculino",19,"universitario/terciario en curso","derecha","no"
"367",74,2023-06-15 09:52:11,2,"mentirosa","Masculino",19,"universitario/terciario en curso","derecha","no"
"368",74,2023-06-15 09:52:11,3,"muerta","Masculino",19,"universitario/terciario en curso","derecha","no"
"369",74,2023-06-15 09:52:11,4,"bruja","Masculino",19,"universitario/terciario en curso","derecha","no"
"370",74,2023-06-15 09:52:11,5,"hdp","Masculino",19,"universitario/terciario en curso","derecha","no"
"371",75,2023-06-15 09:52:20,1,"ladrona","Femenino",44,"universitario/terciario completo","otros","si"
"372",75,2023-06-15 09:52:20,2,"inmoral","Femenino",44,"universitario/terciario completo","otros","si"
"373",75,2023-06-15 09:52:20,3,"sucia","Femenino",44,"universitario/terciario completo","otros","si"
"374",75,2023-06-15 09:52:20,4,"manipuladora","Femenino",44,"universitario/terciario completo","otros","si"
"375",75,2023-06-15 09:52:20,5,"egoista","Femenino",44,"universitario/terciario completo","otros","si"
"376",76,2023-06-15 09:54:14,1,"chorra","Femenino",17,"secundario en curso","otros","si"
"377",76,2023-06-15 09:54:14,2,"corrupta","Femenino",17,"secundario en curso","otros","si"
"378",76,2023-06-15 09:54:14,3,"cinica","Femenino",17,"secundario en curso","otros","si"
"379",76,2023-06-15 09:54:14,4,"dictadura","Femenino",17,"secundario en curso","otros","si"
"380",76,2023-06-15 09:54:14,5,"personalista","Femenino",17,"secundario en curso","otros","si"
"381",77,2023-06-15 09:54:14,1,"chorra","Femenino",17,"secundario en curso","otros","no"
"382",77,2023-06-15 09:54:14,2,"corrupta","Femenino",17,"secundario en curso","otros","no"
"383",77,2023-06-15 09:54:14,3,"pobreza","Femenino",17,"secundario en curso","otros","no"
"384",77,2023-06-15 09:54:14,4,"dictadura","Femenino",17,"secundario en curso","otros","no"
"385",77,2023-06-15 09:54:14,5,"bruja","Femenino",17,"secundario en curso","otros","no"
"386",78,2023-06-15 09:57:30,1,"liderazgo","Femenino",61,"universitario/terciario completo","peronismo","si"
"387",78,2023-06-15 09:57:30,2,"politicasocial","Femenino",61,"universitario/terciario completo","peronismo","si"
"388",78,2023-06-15 09:57:30,3,"argentinaproductiva","Femenino",61,"universitario/terciario completo","peronismo","si"
"389",78,2023-06-15 09:57:30,4,"nivelacion","Femenino",61,"universitario/terciario completo","peronismo","si"
"390",78,2023-06-15 09:57:30,5,"sociedad","Femenino",61,"universitario/terciario completo","peronismo","si"
"391",79,2023-06-15 09:58:14,1,"delincuente","Femenino",40,"secundario completo","otros","no"
"392",79,2023-06-15 09:58:14,2,"estafa","Femenino",40,"secundario completo","otros","no"
"393",79,2023-06-15 09:58:14,3,"manipulacion.","Femenino",40,"secundario completo","otros","no"
"394",79,2023-06-15 09:58:14,4,"poder","Femenino",40,"secundario completo","otros","no"
"395",79,2023-06-15 09:58:14,5,"impunidad","Femenino",40,"secundario completo","otros","no"
"396",80,2023-06-15 10:05:27,1,"manipuladora","Femenino",42,"universitario/terciario completo","otros","no"
"397",80,2023-06-15 10:05:27,2,"corrupta","Femenino",42,"universitario/terciario completo","otros","no"
"398",80,2023-06-15 10:05:27,3,"mentirosa","Femenino",42,"universitario/terciario completo","otros","no"
"399",80,2023-06-15 10:05:27,4,"incoherente","Femenino",42,"universitario/terciario completo","otros","no"
"400",80,2023-06-15 10:05:27,5,"ladrona","Femenino",42,"universitario/terciario completo","otros","no"
"401",81,2023-06-15 10:08:06,1,"chorra","Femenino",55,"universitario/terciario completo","liberalismo","no"
"402",81,2023-06-15 10:08:06,2,"manipuladora","Femenino",55,"universitario/terciario completo","liberalismo","no"
"403",81,2023-06-15 10:08:06,3,"mentirosa","Femenino",55,"universitario/terciario completo","liberalismo","no"
"404",81,2023-06-15 10:08:06,4,"inmoral","Femenino",55,"universitario/terciario completo","liberalismo","no"
"405",81,2023-06-15 10:08:06,5,"ambisiosa","Femenino",55,"universitario/terciario completo","liberalismo","no"
"406",82,2023-06-15 10:22:45,1,"unmal","Masculino",55,"secundario completo","otros","no"
"407",82,2023-06-15 10:22:45,2,"desonesta","Masculino",55,"secundario completo","otros","no"
"408",82,2023-06-15 10:22:45,3,"mentirosa","Masculino",55,"secundario completo","otros","no"
"409",82,2023-06-15 10:22:45,4,"falsa","Masculino",55,"secundario completo","otros","no"
"410",82,2023-06-15 10:22:45,5,"hipocrita","Masculino",55,"secundario completo","otros","no"
"411",83,2023-06-15 10:27:30,1,"lider","Femenino",49,"universitario/terciario completo","peronismo","si"
"412",83,2023-06-15 10:27:30,2,"politica","Femenino",49,"universitario/terciario completo","peronismo","si"
"413",83,2023-06-15 10:27:30,3,"mujer","Femenino",49,"universitario/terciario completo","peronismo","si"
"414",83,2023-06-15 10:27:30,4,"inteligente","Femenino",49,"universitario/terciario completo","peronismo","si"
"415",83,2023-06-15 10:27:30,5,"estatista","Femenino",49,"universitario/terciario completo","peronismo","si"
"416",84,2023-06-15 10:28:16,1,"chorra","Femenino",55,"universitario/terciario completo","liberalismo","no"
"417",84,2023-06-15 10:28:16,2,"insoportable","Femenino",55,"universitario/terciario completo","liberalismo","no"
"418",84,2023-06-15 10:28:16,3,"hipocrita","Femenino",55,"universitario/terciario completo","liberalismo","no"
"419",84,2023-06-15 10:28:16,4,"falsa","Femenino",55,"universitario/terciario completo","liberalismo","no"
"420",84,2023-06-15 10:28:16,5,"nefasta","Femenino",55,"universitario/terciario completo","liberalismo","no"
"421",85,2023-06-15 10:29:44,1,"decision","Femenino",33,"universitario/terciario completo","peronismo","si"
"422",85,2023-06-15 10:29:44,2,"determinacion","Femenino",33,"universitario/terciario completo","peronismo","si"
"423",85,2023-06-15 10:29:44,3,"oportunidade","Femenino",33,"universitario/terciario completo","peronismo","si"
"424",85,2023-06-15 10:29:44,4,"resilencia","Femenino",33,"universitario/terciario completo","peronismo","si"
"425",85,2023-06-15 10:29:44,5,"poder","Femenino",33,"universitario/terciario completo","peronismo","si"
"426",86,2023-06-15 10:34:56,1,"corrupta","Masculino",40,"universitario/terciario completo","liberalismo","si"
"427",86,2023-06-15 10:34:56,2,"inteligente","Masculino",40,"universitario/terciario completo","liberalismo","si"
"428",86,2023-06-15 10:34:56,3,"valiente","Masculino",40,"universitario/terciario completo","liberalismo","si"
"429",86,2023-06-15 10:34:56,4,"poderosa","Masculino",40,"universitario/terciario completo","liberalismo","si"
"430",86,2023-06-15 10:34:56,5,"kirchnerismo","Masculino",40,"universitario/terciario completo","liberalismo","si"
"431",87,2023-06-15 10:35:13,1,"vicepresidente","Masculino",44,"universitario/terciario completo","otros","no"
"432",87,2023-06-15 10:35:13,2,"enriquecimientoilicito","Masculino",44,"universitario/terciario completo","otros","no"
"433",87,2023-06-15 10:35:13,3,"carcel","Masculino",44,"universitario/terciario completo","otros","no"
"434",87,2023-06-15 10:35:13,4,"mujerempoderada","Masculino",44,"universitario/terciario completo","otros","no"
"435",87,2023-06-15 10:35:13,5,"inmortal","Masculino",44,"universitario/terciario completo","otros","no"
"436",88,2023-06-15 10:37:45,1,"peronismo","Femenino",36,"universitario/terciario completo","peronismo","no"
"437",88,2023-06-15 10:37:45,2,"derechossociale","Femenino",36,"universitario/terciario completo","peronismo","no"
"438",88,2023-06-15 10:37:45,3,"estadista","Femenino",36,"universitario/terciario completo","peronismo","no"
"439",88,2023-06-15 10:37:45,4,"oratoria","Femenino",36,"universitario/terciario completo","peronismo","no"
"440",88,2023-06-15 10:37:45,5,"abogada","Femenino",36,"universitario/terciario completo","peronismo","no"
"441",89,2023-06-15 10:42:50,1,"corrupcion","Femenino",39,"universitario/terciario completo","otros","si"
"442",89,2023-06-15 10:42:50,2,"impunidad","Femenino",39,"universitario/terciario completo","otros","si"
"443",89,2023-06-15 10:42:50,3,"mentirosa","Femenino",39,"universitario/terciario completo","otros","si"
"444",89,2023-06-15 10:42:50,4,"negadora","Femenino",39,"universitario/terciario completo","otros","si"
"445",89,2023-06-15 10:42:50,5,"delincuente","Femenino",39,"universitario/terciario completo","otros","si"
"446",90,2023-06-15 10:51:01,1,"peronismo","Femenino",17,"secundario en curso","liberalismo","no"
"447",90,2023-06-15 10:51:01,2,"ladrona","Femenino",17,"secundario en curso","liberalismo","no"
"448",90,2023-06-15 10:51:01,3,"mentirosa","Femenino",17,"secundario en curso","liberalismo","no"
"449",90,2023-06-15 10:51:01,4,"mal","Femenino",17,"secundario en curso","liberalismo","no"
"450",90,2023-06-15 10:51:01,5,"chorra","Femenino",17,"secundario en curso","liberalismo","no"
"451",91,2023-06-15 10:52:22,1,"lider","Masculino",47,"universitario/terciario completo","peronismo","no"
"452",91,2023-06-15 10:52:22,2,"millonaria","Masculino",47,"universitario/terciario completo","peronismo","no"
"453",91,2023-06-15 10:52:22,3,"individualista","Masculino",47,"universitario/terciario completo","peronismo","no"
"454",91,2023-06-15 10:52:22,4,"division","Masculino",47,"universitario/terciario completo","peronismo","no"
"455",91,2023-06-15 10:52:22,5,"turbio","Masculino",47,"universitario/terciario completo","peronismo","no"
"456",92,2023-06-15 10:54:40,1,"estafa","Femenino",14,"secundario en curso","liberalismo","si"
"457",92,2023-06-15 10:54:40,2,"robo","Femenino",14,"secundario en curso","liberalismo","si"
"458",92,2023-06-15 10:54:40,3,"inflacion","Femenino",14,"secundario en curso","liberalismo","si"
"459",92,2023-06-15 10:54:40,4,"mentira","Femenino",14,"secundario en curso","liberalismo","si"
"460",92,2023-06-15 10:54:40,5,"malaeconomia","Femenino",14,"secundario en curso","liberalismo","si"
"461",93,2023-06-15 10:59:20,1,"robo","Masculino",14,"secundario en curso","liberalismo","si"
"462",93,2023-06-15 10:59:20,2,"lavadodeplata","Masculino",14,"secundario en curso","liberalismo","si"
"463",93,2023-06-15 10:59:20,3,"causaspenale","Masculino",14,"secundario en curso","liberalismo","si"
"464",93,2023-06-15 10:59:20,4,"inflacion","Masculino",14,"secundario en curso","liberalismo","si"
"465",93,2023-06-15 10:59:20,5,"dolar","Masculino",14,"secundario en curso","liberalismo","si"
"466",94,2023-06-15 11:03:15,1,"odio","Femenino",57,"universitario/terciario completo","liberalismo","no"
"467",94,2023-06-15 11:03:15,2,"corrupta","Femenino",57,"universitario/terciario completo","liberalismo","no"
"468",94,2023-06-15 11:03:15,3,"chorra","Femenino",57,"universitario/terciario completo","liberalismo","no"
"469",94,2023-06-15 11:03:15,4,"impresentable","Femenino",57,"universitario/terciario completo","liberalismo","no"
"470",94,2023-06-15 11:03:15,5,"astuta","Femenino",57,"universitario/terciario completo","liberalismo","no"
"471",95,2023-06-15 11:06:27,1,"corrupta","Femenino",54,"universitario/terciario completo","derecha","si"
"472",95,2023-06-15 11:06:27,2,"asesina","Femenino",54,"universitario/terciario completo","derecha","si"
"473",95,2023-06-15 11:06:27,3,"traidora","Femenino",54,"universitario/terciario completo","derecha","si"
"474",95,2023-06-15 11:06:27,4,"mentirosa","Femenino",54,"universitario/terciario completo","derecha","si"
"475",95,2023-06-15 11:06:27,5,"loca","Femenino",54,"universitario/terciario completo","derecha","si"
"476",96,2023-06-15 11:22:33,1,"corrupcion","Femenino",50,"universitario/terciario completo","otros","si"
"477",96,2023-06-15 11:22:33,2,"manipulacion","Femenino",50,"universitario/terciario completo","otros","si"
"478",96,2023-06-15 11:22:33,3,"presidenta","Femenino",50,"universitario/terciario completo","otros","si"
"479",96,2023-06-15 11:22:33,4,"irrealidad","Femenino",50,"universitario/terciario completo","otros","si"
"480",96,2023-06-15 11:22:33,5,"mentira","Femenino",50,"universitario/terciario completo","otros","si"
"481",97,2023-06-15 11:38:42,1,"delincuente","Femenino",57,"universitario/terciario en curso","otros","no"
"482",97,2023-06-15 11:38:42,2,"loca","Femenino",57,"universitario/terciario en curso","otros","no"
"483",97,2023-06-15 11:38:42,3,"ladrona","Femenino",57,"universitario/terciario en curso","otros","no"
"484",97,2023-06-15 11:38:42,4,"cenil","Femenino",57,"universitario/terciario en curso","otros","no"
"485",97,2023-06-15 11:38:42,5,"chorra","Femenino",57,"universitario/terciario en curso","otros","no"
"486",98,2023-06-15 11:54:38,1,"corrupcion","Femenino",42,"universitario/terciario completo","otros","si"
"487",98,2023-06-15 11:54:38,2,"autoritarismo","Femenino",42,"universitario/terciario completo","otros","si"
"488",98,2023-06-15 11:54:38,3,"inteligencia","Femenino",42,"universitario/terciario completo","otros","si"
"489",98,2023-06-15 11:54:38,4,"demagogia","Femenino",42,"universitario/terciario completo","otros","si"
"490",98,2023-06-15 11:54:38,5,"odio","Femenino",42,"universitario/terciario completo","otros","si"
"491",99,2023-06-15 12:18:25,1,"fabuladora","Femenino",54,"universitario/terciario completo","otros","no"
"492",99,2023-06-15 12:18:25,2,"mentirosa","Femenino",54,"universitario/terciario completo","otros","no"
"493",99,2023-06-15 12:18:25,3,"irresponsable","Femenino",54,"universitario/terciario completo","otros","no"
"494",99,2023-06-15 12:18:25,4,"incoherente","Femenino",54,"universitario/terciario completo","otros","no"
"495",99,2023-06-15 12:18:25,5,"delirante","Femenino",54,"universitario/terciario completo","otros","no"
"496",100,2023-06-15 13:36:40,1,"seguimosigual","Femenino",59,"universitario/terciario completo","otros","si"
"497",100,2023-06-15 13:36:40,2,"mejornocontestar","Femenino",59,"universitario/terciario completo","otros","si"
"498",100,2023-06-15 13:36:40,3,"tristezaporloquelequedaradefuturoanuestroshijo","Femenino",59,"universitario/terciario completo","otros","si"
"499",100,2023-06-15 13:36:40,4,"descontencto","Femenino",59,"universitario/terciario completo","otros","si"
"500",100,2023-06-15 13:36:40,5,"indignacionporlapobrezaqueestaviviendolamayoriadelaspersona","Femenino",59,"universitario/terciario completo","otros","si"
"501",101,2023-06-15 13:59:29,1,"maldito","Femenino",63,"universitario/terciario completo","otros","no"
"502",101,2023-06-15 13:59:29,2,"irresponsable","Femenino",63,"universitario/terciario completo","otros","no"
"503",101,2023-06-15 13:59:29,3,"nosirvenparanada","Femenino",63,"universitario/terciario completo","otros","no"
"504",101,2023-06-15 13:59:29,4,"sirvensoloparamolestaralagenteyperjudicarno","Femenino",63,"universitario/terciario completo","otros","no"
"505",101,2023-06-15 13:59:29,5,"nolosvoteynuncalosvotaria","Femenino",63,"universitario/terciario completo","otros","no"
"506",102,2023-06-15 14:59:48,1,"engano","Femenino",58,"universitario/terciario completo","otros","si"
"507",102,2023-06-15 14:59:48,2,"usaralospobre","Femenino",58,"universitario/terciario completo","otros","si"
"508",102,2023-06-15 14:59:48,3,"enriquecimiento","Femenino",58,"universitario/terciario completo","otros","si"
"509",102,2023-06-15 14:59:48,4,"peronismo","Femenino",58,"universitario/terciario completo","otros","si"
"510",102,2023-06-15 14:59:48,5,"lacampora","Femenino",58,"universitario/terciario completo","otros","si"
"511",103,2023-06-15 18:39:35,1,"chorro","Femenino",14,"secundario en curso","otros","si"
"512",103,2023-06-15 18:39:35,2,"estafa","Femenino",14,"secundario en curso","otros","si"
"513",103,2023-06-15 18:39:35,3,"decepcion","Femenino",14,"secundario en curso","otros","si"
"514",103,2023-06-15 18:39:35,4,"bronca","Femenino",14,"secundario en curso","otros","si"
"515",103,2023-06-15 18:39:35,5,"inseguridad","Femenino",14,"secundario en curso","otros","si"
"516",104,2023-06-15 18:42:23,1,"maldad","Femenino",14,"secundario en curso","otros","no"
"517",104,2023-06-15 18:42:23,2,"asesina","Femenino",14,"secundario en curso","otros","no"
"518",104,2023-06-15 18:42:23,3,"delicuente","Femenino",14,"secundario en curso","otros","no"
"519",104,2023-06-15 18:42:23,4,"corrupta","Femenino",14,"secundario en curso","otros","no"
"520",104,2023-06-15 18:42:23,5,"odio","Femenino",14,"secundario en curso","otros","no"
"521",105,2023-06-15 18:47:40,1,"chorro","Masculino",28,"secundario completo","liberalismo","si"
"522",105,2023-06-15 18:47:40,2,"cristina","Masculino",28,"secundario completo","liberalismo","si"
"523",105,2023-06-15 18:47:40,3,"alberto","Masculino",28,"secundario completo","liberalismo","si"
"524",105,2023-06-15 18:47:40,4,"frentedetodo","Masculino",28,"secundario completo","liberalismo","si"
"525",105,2023-06-15 18:47:40,5,"planessociale","Masculino",28,"secundario completo","liberalismo","si"
"526",106,2023-06-15 18:52:37,1,"chorra","Femenino",14,"secundario en curso","otros","no"
"527",106,2023-06-15 18:52:37,2,"inteligente","Femenino",14,"secundario en curso","otros","no"
"528",106,2023-06-15 18:52:37,3,"astuta","Femenino",14,"secundario en curso","otros","no"
"529",106,2023-06-15 18:52:37,4,"peronista","Femenino",14,"secundario en curso","otros","no"
"530",106,2023-06-15 18:52:37,5,"fria","Femenino",14,"secundario en curso","otros","no"
"531",107,2023-06-15 18:57:58,1,"chorra","Femenino",14,"secundario en curso","otros","si"
"532",107,2023-06-15 18:57:58,2,"corrupcion","Femenino",14,"secundario en curso","otros","si"
"533",107,2023-06-15 18:57:58,3,"soberbia","Femenino",14,"secundario en curso","otros","si"
"534",107,2023-06-15 18:57:58,4,"arrogante","Femenino",14,"secundario en curso","otros","si"
"535",107,2023-06-15 18:57:58,5,"engreida","Femenino",14,"secundario en curso","otros","si"
"536",108,2023-06-15 19:22:06,1,"hijaderemilputa","Femenino",62,"universitario/terciario completo","liberalismo","no"
"537",108,2023-06-15 19:22:06,2,"ladronayasesina","Femenino",62,"universitario/terciario completo","liberalismo","no"
"538",108,2023-06-15 19:22:06,3,"falsa","Femenino",62,"universitario/terciario completo","liberalismo","no"
"539",108,2023-06-15 19:22:06,4,"corrupcion","Femenino",62,"universitario/terciario completo","liberalismo","no"
"540",108,2023-06-15 19:22:06,5,"cancer","Femenino",62,"universitario/terciario completo","liberalismo","no"
"541",109,2023-06-15 19:28:29,1,"corrupcion","Femenino",49,"universitario/terciario completo","derecha","no"
"542",109,2023-06-15 19:28:29,2,"impunidad","Femenino",49,"universitario/terciario completo","derecha","no"
"543",109,2023-06-15 19:28:29,3,"mentira","Femenino",49,"universitario/terciario completo","derecha","no"
"544",109,2023-06-15 19:28:29,4,"destruccion","Femenino",49,"universitario/terciario completo","derecha","no"
"545",109,2023-06-15 19:28:29,5,"emigraciondetalento","Femenino",49,"universitario/terciario completo","derecha","no"
"546",110,2023-06-15 19:37:18,1,"psicopata","Femenino",45,"secundario completo","otros","si"
"547",110,2023-06-15 19:37:18,2,"comunismo","Femenino",45,"secundario completo","otros","si"
"548",110,2023-06-15 19:37:18,3,"ladrona","Femenino",45,"secundario completo","otros","si"
"549",110,2023-06-15 19:37:18,4,"antidemocracia","Femenino",45,"secundario completo","otros","si"
"550",110,2023-06-15 19:37:18,5,"novolveraescucharsuvoz","Femenino",45,"secundario completo","otros","si"
"551",111,2023-06-15 19:37:22,1,"impunidad","Femenino",60,"universitario/terciario completo","otros","no"
"552",111,2023-06-15 19:37:22,2,"repudio","Femenino",60,"universitario/terciario completo","otros","no"
"553",111,2023-06-15 19:37:22,3,"desigualdad","Femenino",60,"universitario/terciario completo","otros","no"
"554",111,2023-06-15 19:37:22,4,"miedo","Femenino",60,"universitario/terciario completo","otros","no"
"555",111,2023-06-15 19:37:22,5,"sinverguenza","Femenino",60,"universitario/terciario completo","otros","no"
"556",112,2023-06-15 19:40:40,1,"corrupcion","Femenino",56,"universitario/terciario completo","liberalismo","si"
"557",112,2023-06-15 19:40:40,2,"impunidad","Femenino",56,"universitario/terciario completo","liberalismo","si"
"558",112,2023-06-15 19:40:40,3,"demoniaca","Femenino",56,"universitario/terciario completo","liberalismo","si"
"559",112,2023-06-15 19:40:40,4,"psicopata","Femenino",56,"universitario/terciario completo","liberalismo","si"
"560",112,2023-06-15 19:40:40,5,"cinica","Femenino",56,"universitario/terciario completo","liberalismo","si"
"561",113,2023-06-15 19:49:19,1,"corrupcion","Femenino",64,"universitario/terciario completo","otros","si"
"562",113,2023-06-15 19:49:19,2,"hipocrita","Femenino",64,"universitario/terciario completo","otros","si"
"563",113,2023-06-15 19:49:19,3,"mentirosa","Femenino",64,"universitario/terciario completo","otros","si"
"564",113,2023-06-15 19:49:19,4,"politica","Femenino",64,"universitario/terciario completo","otros","si"
"565",113,2023-06-15 19:49:19,5,"mafia","Femenino",64,"universitario/terciario completo","otros","si"
"566",114,2023-06-15 19:51:32,1,"buenaoradora","Femenino",51,"universitario/terciario completo","derecha","no"
"567",114,2023-06-15 19:51:32,2,"lider","Femenino",51,"universitario/terciario completo","derecha","no"
"568",114,2023-06-15 19:51:32,3,"egocentrica","Femenino",51,"universitario/terciario completo","derecha","no"
"569",114,2023-06-15 19:51:32,4,"odiosa","Femenino",51,"universitario/terciario completo","derecha","no"
"570",114,2023-06-15 19:51:32,5,"mentirosa","Femenino",51,"universitario/terciario completo","derecha","no"
"571",115,2023-06-15 20:45:57,1,"corrupcion","Femenino",36,"universitario/terciario completo","liberalismo","si"
"572",115,2023-06-15 20:45:57,2,"indignacion","Femenino",36,"universitario/terciario completo","liberalismo","si"
"573",115,2023-06-15 20:45:57,3,"sinverguenza","Femenino",36,"universitario/terciario completo","liberalismo","si"
"574",115,2023-06-15 20:45:57,4,"hdp","Femenino",36,"universitario/terciario completo","liberalismo","si"
"575",115,2023-06-15 20:45:57,5,"ladrona","Femenino",36,"universitario/terciario completo","liberalismo","si"
"576",116,2023-06-15 22:20:20,1,"corrupcion","Masculino",51,"universitario/terciario en curso","otros","no"
"577",116,2023-06-15 22:20:20,2,"estafa","Masculino",51,"universitario/terciario en curso","otros","no"
"578",116,2023-06-15 22:20:20,3,"latragediadeonce","Masculino",51,"universitario/terciario en curso","otros","no"
"579",116,2023-06-15 22:20:20,4,"lamuertedenisma","Masculino",51,"universitario/terciario en curso","otros","no"
"580",116,2023-06-15 22:20:20,5,"pobreza","Masculino",51,"universitario/terciario en curso","otros","no"
"581",117,2023-06-16 00:11:23,1,"chorra","Masculino",36,"secundario completo","derecha","no"
"582",117,2023-06-16 00:11:23,2,"corrupta","Masculino",36,"secundario completo","derecha","no"
"583",117,2023-06-16 00:11:23,3,"hija","Masculino",36,"secundario completo","derecha","no"
"584",117,2023-06-16 00:11:23,4,"de","Masculino",36,"secundario completo","derecha","no"
"585",117,2023-06-16 00:11:23,5,"puta","Masculino",36,"secundario completo","derecha","no"
"586",118,2023-06-16 00:32:40,1,"nograta","Masculino",39,"secundario completo","liberalismo","si"
"587",118,2023-06-16 00:32:40,2,"mala","Masculino",39,"secundario completo","liberalismo","si"
"588",118,2023-06-16 00:32:40,3,"basta","Masculino",39,"secundario completo","liberalismo","si"
"589",118,2023-06-16 00:32:40,4,"basta","Masculino",39,"secundario completo","liberalismo","si"
"590",118,2023-06-16 00:32:40,5,"bastadije","Masculino",39,"secundario completo","liberalismo","si"
"591",119,2023-06-16 06:00:01,1,"perfecion","no binario/genero fluido/otros",99,"prefiero no decirlo","izquierda","si"
"592",119,2023-06-16 06:00:01,2,"lamejor","no binario/genero fluido/otros",99,"prefiero no decirlo","izquierda","si"
"593",119,2023-06-16 06:00:01,3,"choripan","no binario/genero fluido/otros",99,"prefiero no decirlo","izquierda","si"
"594",119,2023-06-16 06:00:01,4,"maschoripan","no binario/genero fluido/otros",99,"prefiero no decirlo","izquierda","si"
"595",119,2023-06-16 06:00:01,5,"superchoripanperoconfrita","no binario/genero fluido/otros",99,"prefiero no decirlo","izquierda","si"
"596",120,2023-06-16 07:42:56,1,"corrupcion","Masculino",30,"secundario completo","liberalismo","no"
"597",120,2023-06-16 07:42:56,2,"asociacionilicita","Masculino",30,"secundario completo","liberalismo","no"
"598",120,2023-06-16 07:42:56,3,"lavadodedinero","Masculino",30,"secundario completo","liberalismo","no"
"599",120,2023-06-16 07:42:56,4,"peorgobierno","Masculino",30,"secundario completo","liberalismo","no"
"600",120,2023-06-16 07:42:56,5,"planessociale","Masculino",30,"secundario completo","liberalismo","no"
"601",121,2023-06-16 12:39:51,1,"jefa","Masculino",37,"universitario/terciario completo","peronismo","si"
"602",121,2023-06-16 12:39:51,2,"estadista","Masculino",37,"universitario/terciario completo","peronismo","si"
"603",121,2023-06-16 12:39:51,3,"reina","Masculino",37,"universitario/terciario completo","peronismo","si"
"604",121,2023-06-16 12:39:51,4,"presidenta","Masculino",37,"universitario/terciario completo","peronismo","si"
"605",121,2023-06-16 12:39:51,5,"yegua","Masculino",37,"universitario/terciario completo","peronismo","si"
"606",122,2023-06-17 00:46:26,1,"traidora","Masculino",33,"universitario/terciario completo","otros","si"
"607",122,2023-06-17 00:46:26,2,"delapatria","Masculino",33,"universitario/terciario completo","otros","si"
"608",122,2023-06-17 00:46:26,3,"tuvolaoportunidad","Masculino",33,"universitario/terciario completo","otros","si"
"609",122,2023-06-17 00:46:26,4,"secago","Masculino",33,"universitario/terciario completo","otros","si"
"610",122,2023-06-17 00:46:26,5,"ysealineoalglobalismo","Masculino",33,"universitario/terciario completo","otros","si"
"611",123,2023-06-18 19:00:45,1,"ladrona","Femenino",40,"universitario/terciario completo","otros","si"
"612",123,2023-06-18 19:00:45,2,"corrupta","Femenino",40,"universitario/terciario completo","otros","si"
"613",123,2023-06-18 19:00:45,3,"hdmp","Femenino",40,"universitario/terciario completo","otros","si"
"614",123,2023-06-18 19:00:45,4,"nefasta","Femenino",40,"universitario/terciario completo","otros","si"
"615",123,2023-06-18 19:00:45,5,"asesina","Femenino",40,"universitario/terciario completo","otros","si"
