"","id","time","orden","palabra","genero","edad","horas","usa","redes"
"1",1,2023-06-15 21:17:44,1,"entretenimiento","femenino",20,3,"Sí","Instagram, Twitter, YouTube"
"2",1,2023-06-15 21:17:44,2,"noticia","femenino",20,3,"Sí","Instagram, Twitter, YouTube"
"3",1,2023-06-15 21:17:44,3,"meme","femenino",20,3,"Sí","Instagram, Twitter, YouTube"
"4",1,2023-06-15 21:17:44,4,"comunicacion","femenino",20,3,"Sí","Instagram, Twitter, YouTube"
"5",1,2023-06-15 21:17:44,5,"escracho","femenino",20,3,"Sí","Instagram, Twitter, YouTube"
"6",2,2023-06-15 21:35:21,1,"social","masculino",18,5,"Sí","Instagram, Facebook, YouTube, Tik Tok"
"7",2,2023-06-15 21:35:21,2,"comunicacion","masculino",18,5,"Sí","Instagram, Facebook, YouTube, Tik Tok"
"8",2,2023-06-15 21:35:21,3,"tecnologia","masculino",18,5,"Sí","Instagram, Facebook, YouTube, Tik Tok"
"9",2,2023-06-15 21:35:21,4,"herramienta","masculino",18,5,"Sí","Instagram, Facebook, YouTube, Tik Tok"
"10",2,2023-06-15 21:35:21,5,"mundo","masculino",18,5,"Sí","Instagram, Facebook, YouTube, Tik Tok"
"11",3,2023-06-15 21:40:17,1,"conexion","femenino",17,1,"Sí","Instagram, Twitter, YouTube"
"12",3,2023-06-15 21:40:17,2,"esclavitud","femenino",17,1,"Sí","Instagram, Twitter, YouTube"
"13",3,2023-06-15 21:40:17,3,"abuso","femenino",17,1,"Sí","Instagram, Twitter, YouTube"
"14",3,2023-06-15 21:40:17,4,"exposicion","femenino",17,1,"Sí","Instagram, Twitter, YouTube"
"15",3,2023-06-15 21:40:17,5,"inconsciencia","femenino",17,1,"Sí","Instagram, Twitter, YouTube"
"16",4,2023-06-16 01:58:24,1,"canaldecomunion","femenino",17,8,"Sí","Instagram, Facebook, YouTube, Tik Tok"
"17",4,2023-06-16 01:58:24,2,"amistade","femenino",17,8,"Sí","Instagram, Facebook, YouTube, Tik Tok"
"18",4,2023-06-16 01:58:24,3,"momento","femenino",17,8,"Sí","Instagram, Facebook, YouTube, Tik Tok"
"19",4,2023-06-16 01:58:24,4,"musica","femenino",17,8,"Sí","Instagram, Facebook, YouTube, Tik Tok"
"20",4,2023-06-16 01:58:24,5,"experencia","femenino",17,8,"Sí","Instagram, Facebook, YouTube, Tik Tok"
"21",5,2023-06-16 07:39:16,1,"comunidad","femenino",17,4,"Sí","Instagram, Facebook, YouTube, Tik Tok"
"22",5,2023-06-16 07:39:16,2,"comunicacion","femenino",17,4,"Sí","Instagram, Facebook, YouTube, Tik Tok"
"23",5,2023-06-16 07:39:16,3,"conexion","femenino",17,4,"Sí","Instagram, Facebook, YouTube, Tik Tok"
"24",5,2023-06-16 07:39:16,4,"celular","femenino",17,4,"Sí","Instagram, Facebook, YouTube, Tik Tok"
"25",5,2023-06-16 07:39:16,5,"contacto","femenino",17,4,"Sí","Instagram, Facebook, YouTube, Tik Tok"
"26",6,2023-06-16 22:29:58,1,"whatsapp","masculino",16,1,"Sí","Instagram, Twitter,"
"27",6,2023-06-16 22:29:58,2,"sociedade","masculino",16,1,"Sí","Instagram, Twitter,"
"28",6,2023-06-16 22:29:58,3,"generacion","masculino",16,1,"Sí","Instagram, Twitter,"
"29",6,2023-06-16 22:29:58,4,"instagram","masculino",16,1,"Sí","Instagram, Twitter,"
"30",6,2023-06-16 22:29:58,5,"gentedesconocida","masculino",16,1,"Sí","Instagram, Twitter,"
"31",7,2023-06-16 22:31:08,1,"gente","femenino",18,3,"Sí","Instagram, Twitter, YouTube"
"32",7,2023-06-16 22:31:08,2,"influencer","femenino",18,3,"Sí","Instagram, Twitter, YouTube"
"33",7,2023-06-16 22:31:08,3,"deporte","femenino",18,3,"Sí","Instagram, Twitter, YouTube"
"34",7,2023-06-16 22:31:08,4,"foto","femenino",18,3,"Sí","Instagram, Twitter, YouTube"
"35",7,2023-06-16 22:31:08,5,"amigo","femenino",18,3,"Sí","Instagram, Twitter, YouTube"
"36",8,2023-06-16 22:56:38,1,"estereotipo","femenino",18,5,"Sí","Instagram, YouTube, Tik Tok"
"37",8,2023-06-16 22:56:38,2,"frivolidad","femenino",18,5,"Sí","Instagram, YouTube, Tik Tok"
"38",8,2023-06-16 22:56:38,3,"moda","femenino",18,5,"Sí","Instagram, YouTube, Tik Tok"
"39",8,2023-06-16 22:56:38,4,"falsedad","femenino",18,5,"Sí","Instagram, YouTube, Tik Tok"
"40",8,2023-06-16 22:56:38,5,"perfeccionismo","femenino",18,5,"Sí","Instagram, YouTube, Tik Tok"
"41",9,2023-06-17 00:01:03,1,"meme","femenino",20,3,"Sí","Instagram, Facebook, YouTube, Tik Tok"
"42",9,2023-06-17 00:01:03,2,"contenido","femenino",20,3,"Sí","Instagram, Facebook, YouTube, Tik Tok"
"43",9,2023-06-17 00:01:03,3,"entretenimiento","femenino",20,3,"Sí","Instagram, Facebook, YouTube, Tik Tok"
"44",9,2023-06-17 00:01:03,4,"informacion","femenino",20,3,"Sí","Instagram, Facebook, YouTube, Tik Tok"
"45",9,2023-06-17 00:01:03,5,"risa","femenino",20,3,"Sí","Instagram, Facebook, YouTube, Tik Tok"
"46",10,2023-06-17 12:56:21,1,"cyberbullying","femenino",17,8,"Sí","Instagram, Twitter, YouTube, Tik Tok, WhatsApp"
"47",10,2023-06-17 12:56:21,2,"acoso","femenino",17,8,"Sí","Instagram, Twitter, YouTube, Tik Tok, WhatsApp"
"48",10,2023-06-17 12:56:21,3,"entretenimiento","femenino",17,8,"Sí","Instagram, Twitter, YouTube, Tik Tok, WhatsApp"
"49",10,2023-06-17 12:56:21,4,"falsedad","femenino",17,8,"Sí","Instagram, Twitter, YouTube, Tik Tok, WhatsApp"
"50",10,2023-06-17 12:56:21,5,"apariencia","femenino",17,8,"Sí","Instagram, Twitter, YouTube, Tik Tok, WhatsApp"
"51",11,2023-06-19 15:01:07,1,"adictivo","masculino",17,7,"Sí","Instagram, Twitter, Snapchat, YouTube"
"52",11,2023-06-19 15:01:07,2,"contenido","masculino",17,7,"Sí","Instagram, Twitter, Snapchat, YouTube"
"53",11,2023-06-19 15:01:07,3,"procrastinar","masculino",17,7,"Sí","Instagram, Twitter, Snapchat, YouTube"
"54",11,2023-06-19 15:01:07,4,"inutil","masculino",17,7,"Sí","Instagram, Twitter, Snapchat, YouTube"
"55",11,2023-06-19 15:01:07,5,"conexion","masculino",17,7,"Sí","Instagram, Twitter, Snapchat, YouTube"
"56",12,2023-06-19 15:01:30,1,"internet","masculino",17,5,"Sí","Instagram, Facebook, Twitter, Snapchat, YouTube, Tik Tok"
"57",12,2023-06-19 15:01:30,2,"video","masculino",17,5,"Sí","Instagram, Facebook, Twitter, Snapchat, YouTube, Tik Tok"
"58",12,2023-06-19 15:01:30,3,"foto","masculino",17,5,"Sí","Instagram, Facebook, Twitter, Snapchat, YouTube, Tik Tok"
"59",12,2023-06-19 15:01:30,4,"persona","masculino",17,5,"Sí","Instagram, Facebook, Twitter, Snapchat, YouTube, Tik Tok"
"60",12,2023-06-19 15:01:30,5,"adiccione","masculino",17,5,"Sí","Instagram, Facebook, Twitter, Snapchat, YouTube, Tik Tok"
"61",13,2023-06-19 15:07:03,1,"tiktok","masculino",17,5,"Sí","Instagram, Twitter, Snapchat, YouTube, Tik Tok"
"62",13,2023-06-19 15:07:03,2,"youtube","masculino",17,5,"Sí","Instagram, Twitter, Snapchat, YouTube, Tik Tok"
"63",13,2023-06-19 15:07:03,3,"whatsapp","masculino",17,5,"Sí","Instagram, Twitter, Snapchat, YouTube, Tik Tok"
"64",13,2023-06-19 15:07:03,4,"amigo","masculino",17,5,"Sí","Instagram, Twitter, Snapchat, YouTube, Tik Tok"
"65",13,2023-06-19 15:07:03,5,"tecnologia","masculino",17,5,"Sí","Instagram, Twitter, Snapchat, YouTube, Tik Tok"
"66",14,2023-06-19 15:07:07,1,"adiccion","masculino",17,4,"Sí","Instagram, Twitter, Snapchat, YouTube, Tik Tok"
"67",14,2023-06-19 15:07:07,2,"divertido","masculino",17,4,"Sí","Instagram, Twitter, Snapchat, YouTube, Tik Tok"
"68",14,2023-06-19 15:07:07,3,"amigo","masculino",17,4,"Sí","Instagram, Twitter, Snapchat, YouTube, Tik Tok"
"69",14,2023-06-19 15:07:07,4,"video","masculino",17,4,"Sí","Instagram, Twitter, Snapchat, YouTube, Tik Tok"
"70",14,2023-06-19 15:07:07,5,"cuenta","masculino",17,4,"Sí","Instagram, Twitter, Snapchat, YouTube, Tik Tok"
"71",15,2023-06-19 15:09:26,1,"publicacione","femenino",17,4,"Sí","Instagram, YouTube, Tik Tok"
"72",15,2023-06-19 15:09:26,2,"video","femenino",17,4,"Sí","Instagram, YouTube, Tik Tok"
"73",15,2023-06-19 15:09:26,3,"comunicarse","femenino",17,4,"Sí","Instagram, YouTube, Tik Tok"
"74",15,2023-06-19 15:09:26,4,"persona","femenino",17,4,"Sí","Instagram, YouTube, Tik Tok"
"75",15,2023-06-19 15:09:26,5,"influencer","femenino",17,4,"Sí","Instagram, YouTube, Tik Tok"
"76",16,2023-06-19 15:20:25,1,"innovacion","masculino",17,4,"Sí","Instagram, Facebook, Twitter, YouTube, Tik Tok"
"77",16,2023-06-19 15:20:25,2,"herramienta","masculino",17,4,"Sí","Instagram, Facebook, Twitter, YouTube, Tik Tok"
"78",16,2023-06-19 15:20:25,3,"entretenimiento","masculino",17,4,"Sí","Instagram, Facebook, Twitter, YouTube, Tik Tok"
"79",16,2023-06-19 15:20:25,4,"adiccion","masculino",17,4,"Sí","Instagram, Facebook, Twitter, YouTube, Tik Tok"
"80",16,2023-06-19 15:20:25,5,"problema","masculino",17,4,"Sí","Instagram, Facebook, Twitter, YouTube, Tik Tok"
"81",17,2023-06-19 15:26:53,1,"rede","femenino",17,6,"Sí","Instagram, Twitter, Snapchat, YouTube, Tik Tok"
"82",17,2023-06-19 15:26:53,2,"sociale","femenino",17,6,"Sí","Instagram, Twitter, Snapchat, YouTube, Tik Tok"
"83",17,2023-06-19 15:26:53,3,"comunicacion","femenino",17,6,"Sí","Instagram, Twitter, Snapchat, YouTube, Tik Tok"
"84",17,2023-06-19 15:26:53,4,"sociedad","femenino",17,6,"Sí","Instagram, Twitter, Snapchat, YouTube, Tik Tok"
"85",17,2023-06-19 15:26:53,5,"tecnologia","femenino",17,6,"Sí","Instagram, Twitter, Snapchat, YouTube, Tik Tok"
"86",18,2023-06-19 15:30:21,1,"influencer","masculino",18,3,"Sí","Instagram, Facebook, YouTube, Tik Tok"
"87",18,2023-06-19 15:30:21,2,"foto","masculino",18,3,"Sí","Instagram, Facebook, YouTube, Tik Tok"
"88",18,2023-06-19 15:30:21,3,"lifestyle","masculino",18,3,"Sí","Instagram, Facebook, YouTube, Tik Tok"
"89",18,2023-06-19 15:30:21,4,"update","masculino",18,3,"Sí","Instagram, Facebook, YouTube, Tik Tok"
"90",18,2023-06-19 15:30:21,5,"bulling","masculino",18,3,"Sí","Instagram, Facebook, YouTube, Tik Tok"
"91",19,2023-06-19 15:31:57,1,"aplicacion","masculino",16,3,"Sí","Instagram, YouTube, Tik Tok"
"92",19,2023-06-19 15:31:57,2,"socializar","masculino",16,3,"Sí","Instagram, YouTube, Tik Tok"
"93",19,2023-06-19 15:31:57,3,"instagram","masculino",16,3,"Sí","Instagram, YouTube, Tik Tok"
"94",19,2023-06-19 15:31:57,4,"comunicacion","masculino",16,3,"Sí","Instagram, YouTube, Tik Tok"
"95",19,2023-06-19 15:31:57,5,"noticia","masculino",16,3,"Sí","Instagram, YouTube, Tik Tok"
"96",20,2023-06-19 15:32:48,1,"interaccion","femenino",18,3,"Sí","Instagram, YouTube, Tik Tok"
"97",20,2023-06-19 15:32:48,2,"publico","femenino",18,3,"Sí","Instagram, YouTube, Tik Tok"
"98",20,2023-06-19 15:32:48,3,"aplicacione","femenino",18,3,"Sí","Instagram, YouTube, Tik Tok"
"99",20,2023-06-19 15:32:48,4,"comunicacion","femenino",18,3,"Sí","Instagram, YouTube, Tik Tok"
"100",20,2023-06-19 15:32:48,5,"publicacione","femenino",18,3,"Sí","Instagram, YouTube, Tik Tok"
"101",21,2023-06-19 15:32:56,1,"historia","femenino",15,4,"Sí","Instagram, YouTube, Tik Tok"
"102",21,2023-06-19 15:32:56,2,"interaccion","femenino",15,4,"Sí","Instagram, YouTube, Tik Tok"
"103",21,2023-06-19 15:32:56,3,"reaccione","femenino",15,4,"Sí","Instagram, YouTube, Tik Tok"
"104",21,2023-06-19 15:32:56,4,"mensaje","femenino",15,4,"Sí","Instagram, YouTube, Tik Tok"
"105",21,2023-06-19 15:32:56,5,"amigo","femenino",15,4,"Sí","Instagram, YouTube, Tik Tok"
"106",22,2023-06-19 15:36:41,1,"contacto","femenino",17,2,"Sí","Instagram, Snapchat, YouTube, Tik Tok"
"107",22,2023-06-19 15:36:41,2,"vida","femenino",17,2,"Sí","Instagram, Snapchat, YouTube, Tik Tok"
"108",22,2023-06-19 15:36:41,3,"socializar","femenino",17,2,"Sí","Instagram, Snapchat, YouTube, Tik Tok"
"109",22,2023-06-19 15:36:41,4,"perdidadetiempo","femenino",17,2,"Sí","Instagram, Snapchat, YouTube, Tik Tok"
"110",22,2023-06-19 15:36:41,5,"necesaria","femenino",17,2,"Sí","Instagram, Snapchat, YouTube, Tik Tok"
"111",23,2023-06-19 15:41:56,1,"instagram","generofluido",16,5,"Sí","Instagram, Twitter, YouTube, Tik Tok,"
"112",23,2023-06-19 15:41:56,2,"foto","generofluido",16,5,"Sí","Instagram, Twitter, YouTube, Tik Tok,"
"113",23,2023-06-19 15:41:56,3,"inseguridade","generofluido",16,5,"Sí","Instagram, Twitter, YouTube, Tik Tok,"
"114",23,2023-06-19 15:41:56,4,"contenido","generofluido",16,5,"Sí","Instagram, Twitter, YouTube, Tik Tok,"
"115",23,2023-06-19 15:41:56,5,"informacion","generofluido",16,5,"Sí","Instagram, Twitter, YouTube, Tik Tok,"
"116",24,2023-06-19 15:42:39,1,"falsedad","masculino",17,5,"Sí","Instagram, Twitter, YouTube, Tik Tok"
"117",24,2023-06-19 15:42:39,2,"exponer","masculino",17,5,"Sí","Instagram, Twitter, YouTube, Tik Tok"
"118",24,2023-06-19 15:42:39,3,"presumir","masculino",17,5,"Sí","Instagram, Twitter, YouTube, Tik Tok"
"119",24,2023-06-19 15:42:39,4,"socializar","masculino",17,5,"Sí","Instagram, Twitter, YouTube, Tik Tok"
"120",24,2023-06-19 15:42:39,5,NA,"masculino",17,5,"Sí","Instagram, Twitter, YouTube, Tik Tok"
"121",25,2023-06-19 15:43:20,1,"vicio","masculino",17,1,"Sí","Instagram, YouTube"
"122",25,2023-06-19 15:43:20,2,"falsa","masculino",17,1,"Sí","Instagram, YouTube"
"123",25,2023-06-19 15:43:20,3,"estricta","masculino",17,1,"Sí","Instagram, YouTube"
"124",25,2023-06-19 15:43:20,4,"aburrida","masculino",17,1,"Sí","Instagram, YouTube"
"125",25,2023-06-19 15:43:20,5,NA,"masculino",17,1,"Sí","Instagram, YouTube"
"126",26,2023-06-19 15:44:57,1,"estereotipo","femenino",17,6,"Sí","Instagram, Twitter, Snapchat, Tik Tok"
"127",26,2023-06-19 15:44:57,2,"competencia","femenino",17,6,"Sí","Instagram, Twitter, Snapchat, Tik Tok"
"128",26,2023-06-19 15:44:57,3,"falsedad","femenino",17,6,"Sí","Instagram, Twitter, Snapchat, Tik Tok"
"129",26,2023-06-19 15:44:57,4,"publicidad","femenino",17,6,"Sí","Instagram, Twitter, Snapchat, Tik Tok"
"130",26,2023-06-19 15:44:57,5,"crecimiento","femenino",17,6,"Sí","Instagram, Twitter, Snapchat, Tik Tok"
"131",27,2023-06-19 15:44:59,1,"estereotipo","femenino",14,1,"Sí","Instagram, Twitter, YouTube, Tik Tok"
"132",27,2023-06-19 15:44:59,2,"vida","femenino",14,1,"Sí","Instagram, Twitter, YouTube, Tik Tok"
"133",27,2023-06-19 15:44:59,3,"amigo","femenino",14,1,"Sí","Instagram, Twitter, YouTube, Tik Tok"
"134",27,2023-06-19 15:44:59,4,"comparacion","femenino",14,1,"Sí","Instagram, Twitter, YouTube, Tik Tok"
"135",27,2023-06-19 15:44:59,5,"diversion","femenino",14,1,"Sí","Instagram, Twitter, YouTube, Tik Tok"
"136",28,2023-06-19 15:47:15,1,"influencer","femenino",17,4,"Sí","Instagram, Twitter, YouTube, Tik Tok"
"137",28,2023-06-19 15:47:15,2,"gracioso","femenino",17,4,"Sí","Instagram, Twitter, YouTube, Tik Tok"
"138",28,2023-06-19 15:47:15,3,"estetica","femenino",17,4,"Sí","Instagram, Twitter, YouTube, Tik Tok"
"139",28,2023-06-19 15:47:15,4,"chat","femenino",17,4,"Sí","Instagram, Twitter, YouTube, Tik Tok"
"140",28,2023-06-19 15:47:15,5,"amigo","femenino",17,4,"Sí","Instagram, Twitter, YouTube, Tik Tok"
"141",29,2023-06-19 15:47:49,1,"instagram","masculino",44,3,"Sí","Instagram, Facebook"
"142",29,2023-06-19 15:47:49,2,"whatsapp","masculino",44,3,"Sí","Instagram, Facebook"
"143",29,2023-06-19 15:47:49,3,"youtube","masculino",44,3,"Sí","Instagram, Facebook"
"144",29,2023-06-19 15:47:49,4,"tictok","masculino",44,3,"Sí","Instagram, Facebook"
"145",29,2023-06-19 15:47:49,5,"facebook","masculino",44,3,"Sí","Instagram, Facebook"
"146",30,2023-06-19 15:49:27,1,"whatsapp","femenino",50,6,"Sí","Instagram, Facebook, WhatsApp"
"147",30,2023-06-19 15:49:27,2,"instagram","femenino",50,6,"Sí","Instagram, Facebook, WhatsApp"
"148",30,2023-06-19 15:49:27,3,"youtube","femenino",50,6,"Sí","Instagram, Facebook, WhatsApp"
"149",30,2023-06-19 15:49:27,4,"facebook","femenino",50,6,"Sí","Instagram, Facebook, WhatsApp"
"150",30,2023-06-19 15:49:27,5,"tictock","femenino",50,6,"Sí","Instagram, Facebook, WhatsApp"
"151",31,2023-06-19 15:52:07,1,"comunicacion","masculino",17,5,"Sí","Instagram, Twitter, YouTube"
"152",31,2023-06-19 15:52:07,2,"perdida","masculino",17,5,"Sí","Instagram, Twitter, YouTube"
"153",31,2023-06-19 15:52:07,3,"estafa","masculino",17,5,"Sí","Instagram, Twitter, YouTube"
"154",31,2023-06-19 15:52:07,4,"diversion","masculino",17,5,"Sí","Instagram, Twitter, YouTube"
"155",31,2023-06-19 15:52:07,5,"consumismo","masculino",17,5,"Sí","Instagram, Twitter, YouTube"
"156",32,2023-06-19 15:52:16,1,"stalkear","femenino",45,2,"Sí","Instagram"
"157",32,2023-06-19 15:52:16,2,"amigo","femenino",45,2,"Sí","Instagram"
"158",32,2023-06-19 15:52:16,3,"famoso","femenino",45,2,"Sí","Instagram"
"159",32,2023-06-19 15:52:16,4,"seguir","femenino",45,2,"Sí","Instagram"
"160",32,2023-06-19 15:52:16,5,"like","femenino",45,2,"Sí","Instagram"
"161",33,2023-06-19 15:54:03,1,"conexion","femenino",17,4,"Sí","Instagram, Twitter, YouTube, Tik Tok"
"162",33,2023-06-19 15:54:03,2,"multitud","femenino",17,4,"Sí","Instagram, Twitter, YouTube, Tik Tok"
"163",33,2023-06-19 15:54:03,3,"gente","femenino",17,4,"Sí","Instagram, Twitter, YouTube, Tik Tok"
"164",33,2023-06-19 15:54:03,4,"comunicacion","femenino",17,4,"Sí","Instagram, Twitter, YouTube, Tik Tok"
"165",33,2023-06-19 15:54:03,5,"informarse","femenino",17,4,"Sí","Instagram, Twitter, YouTube, Tik Tok"
"166",34,2023-06-19 15:58:17,1,"informacion","femenino",41,3,"Sí","Instagram, YouTube"
"167",34,2023-06-19 15:58:17,2,"publicidad","femenino",41,3,"Sí","Instagram, YouTube"
"168",34,2023-06-19 15:58:17,3,"venta","femenino",41,3,"Sí","Instagram, YouTube"
"169",34,2023-06-19 15:58:17,4,"amistade","femenino",41,3,"Sí","Instagram, YouTube"
"170",34,2023-06-19 15:58:17,5,"entretenimiento","femenino",41,3,"Sí","Instagram, YouTube"
"171",35,2023-06-19 15:59:20,1,"foto","masculino",14,6,"Sí","Facebook, YouTube, Tik Tok"
"172",35,2023-06-19 15:59:20,2,"video","masculino",14,6,"Sí","Facebook, YouTube, Tik Tok"
"173",35,2023-06-19 15:59:20,3,"mensaje","masculino",14,6,"Sí","Facebook, YouTube, Tik Tok"
"174",35,2023-06-19 15:59:20,4,"megusta","masculino",14,6,"Sí","Facebook, YouTube, Tik Tok"
"175",35,2023-06-19 15:59:20,5,"comentario","masculino",14,6,"Sí","Facebook, YouTube, Tik Tok"
"176",36,2023-06-19 16:01:00,1,"diversion","femenino",16,5,"Sí","Instagram, Twitter, Snapchat, Tik Tok"
"177",36,2023-06-19 16:01:00,2,"entretenimiento","femenino",16,5,"Sí","Instagram, Twitter, Snapchat, Tik Tok"
"178",36,2023-06-19 16:01:00,3,"peligroso","femenino",16,5,"Sí","Instagram, Twitter, Snapchat, Tik Tok"
"179",36,2023-06-19 16:01:00,4,"relacione","femenino",16,5,"Sí","Instagram, Twitter, Snapchat, Tik Tok"
"180",36,2023-06-19 16:01:00,5,"pasion","femenino",16,5,"Sí","Instagram, Twitter, Snapchat, Tik Tok"
"181",37,2023-06-19 16:02:49,1,"instagram","femenino",17,2,"Sí","Instagram, Twitter, YouTube, Tik Tok"
"182",37,2023-06-19 16:02:49,2,"comunicacion","femenino",17,2,"Sí","Instagram, Twitter, YouTube, Tik Tok"
"183",37,2023-06-19 16:02:49,3,"foto","femenino",17,2,"Sí","Instagram, Twitter, YouTube, Tik Tok"
"184",37,2023-06-19 16:02:49,4,"video","femenino",17,2,"Sí","Instagram, Twitter, YouTube, Tik Tok"
"185",37,2023-06-19 16:02:49,5,"edicion","femenino",17,2,"Sí","Instagram, Twitter, YouTube, Tik Tok"
"186",38,2023-06-19 16:03:11,1,"instagram","femenino",50,3,"Sí","Instagram, Facebook, YouTube, Tik Tok"
"187",38,2023-06-19 16:03:11,2,"rapidez","femenino",50,3,"Sí","Instagram, Facebook, YouTube, Tik Tok"
"188",38,2023-06-19 16:03:11,3,"curiosidad","femenino",50,3,"Sí","Instagram, Facebook, YouTube, Tik Tok"
"189",38,2023-06-19 16:03:11,4,"amigo","femenino",50,3,"Sí","Instagram, Facebook, YouTube, Tik Tok"
"190",38,2023-06-19 16:03:11,5,"lifestyle","femenino",50,3,"Sí","Instagram, Facebook, YouTube, Tik Tok"
"191",39,2023-06-19 16:03:12,1,"amigo","masculino",18,2,"Sí","Instagram, YouTube,"
"192",39,2023-06-19 16:03:12,2,"comunicacion","masculino",18,2,"Sí","Instagram, YouTube,"
"193",39,2023-06-19 16:03:12,3,"adiccion","masculino",18,2,"Sí","Instagram, YouTube,"
"194",39,2023-06-19 16:03:12,4,"reel","masculino",18,2,"Sí","Instagram, YouTube,"
"195",39,2023-06-19 16:03:12,5,"tiktok","masculino",18,2,"Sí","Instagram, YouTube,"
"196",40,2023-06-19 16:06:14,1,"internet","masculino",16,8,"Sí","Instagram, Twitter, YouTube, Tik Tok"
"197",40,2023-06-19 16:06:14,2,"socializar","masculino",16,8,"Sí","Instagram, Twitter, YouTube, Tik Tok"
"198",40,2023-06-19 16:06:14,3,"foto","masculino",16,8,"Sí","Instagram, Twitter, YouTube, Tik Tok"
"199",40,2023-06-19 16:06:14,4,"video","masculino",16,8,"Sí","Instagram, Twitter, YouTube, Tik Tok"
"200",40,2023-06-19 16:06:14,5,NA,"masculino",16,8,"Sí","Instagram, Twitter, YouTube, Tik Tok"
"201",41,2023-06-19 16:06:51,1,"comunicacion","femenino",19,4,"Sí","Instagram, Twitter, YouTube, Tik Tok"
"202",41,2023-06-19 16:06:51,2,"entretenimiento","femenino",19,4,"Sí","Instagram, Twitter, YouTube, Tik Tok"
"203",41,2023-06-19 16:06:51,3,"difusion","femenino",19,4,"Sí","Instagram, Twitter, YouTube, Tik Tok"
"204",41,2023-06-19 16:06:51,4,"trabajo","femenino",19,4,"Sí","Instagram, Twitter, YouTube, Tik Tok"
"205",41,2023-06-19 16:06:51,5,"influencia","femenino",19,4,"Sí","Instagram, Twitter, YouTube, Tik Tok"
"206",42,2023-06-19 16:07:25,1,"","masculino",17,10,"Sí","Instagram, Twitter, YouTube, Tik Tok"
"207",42,2023-06-19 16:07:25,2,"e","masculino",17,10,"Sí","Instagram, Twitter, YouTube, Tik Tok"
"208",42,2023-06-19 16:07:25,3,"m","masculino",17,10,"Sí","Instagram, Twitter, YouTube, Tik Tok"
"209",42,2023-06-19 16:07:25,4,"e","masculino",17,10,"Sí","Instagram, Twitter, YouTube, Tik Tok"
"210",42,2023-06-19 16:07:25,5,"n","masculino",17,10,"Sí","Instagram, Twitter, YouTube, Tik Tok"
"211",43,2023-06-19 16:08:09,1,"adiccion","femenino",58,1,"Sí","Instagram, YouTube"
"212",43,2023-06-19 16:08:09,2,"perdidadetiempo","femenino",58,1,"Sí","Instagram, YouTube"
"213",43,2023-06-19 16:08:09,3,"distraccion","femenino",58,1,"Sí","Instagram, YouTube"
"214",43,2023-06-19 16:08:09,4,"chusmerio","femenino",58,1,"Sí","Instagram, YouTube"
"215",43,2023-06-19 16:08:09,5,"propaganda","femenino",58,1,"Sí","Instagram, YouTube"
"216",44,2023-06-19 16:08:28,1,"adictivo","femenino",17,6,"Sí","Instagram, Twitter, YouTube, Tik Tok"
"217",44,2023-06-19 16:08:28,2,"entretenido","femenino",17,6,"Sí","Instagram, Twitter, YouTube, Tik Tok"
"218",44,2023-06-19 16:08:28,3,"atrapante","femenino",17,6,"Sí","Instagram, Twitter, YouTube, Tik Tok"
"219",44,2023-06-19 16:08:28,4,"repetitivo","femenino",17,6,"Sí","Instagram, Twitter, YouTube, Tik Tok"
"220",44,2023-06-19 16:08:28,5,"piola","femenino",17,6,"Sí","Instagram, Twitter, YouTube, Tik Tok"
"221",45,2023-06-19 16:08:48,1,"conectividad","femenino",16,7,"Sí","Instagram, Twitter, Snapchat, YouTube, Tik Tok"
"222",45,2023-06-19 16:08:48,2,"intercambio","femenino",16,7,"Sí","Instagram, Twitter, Snapchat, YouTube, Tik Tok"
"223",45,2023-06-19 16:08:48,3,"estereotipo","femenino",16,7,"Sí","Instagram, Twitter, Snapchat, YouTube, Tik Tok"
"224",45,2023-06-19 16:08:48,4,"informacion","femenino",16,7,"Sí","Instagram, Twitter, Snapchat, YouTube, Tik Tok"
"225",45,2023-06-19 16:08:48,5,"peligro","femenino",16,7,"Sí","Instagram, Twitter, Snapchat, YouTube, Tik Tok"
"226",46,2023-06-19 16:10:46,1,"amigo","femenino",47,4,"Sí","Instagram, Facebook, Twitter"
"227",46,2023-06-19 16:10:46,2,"contacto","femenino",47,4,"Sí","Instagram, Facebook, Twitter"
"228",46,2023-06-19 16:10:46,3,"cercania","femenino",47,4,"Sí","Instagram, Facebook, Twitter"
"229",46,2023-06-19 16:10:46,4,"red","femenino",47,4,"Sí","Instagram, Facebook, Twitter"
"230",46,2023-06-19 16:10:46,5,NA,"femenino",47,4,"Sí","Instagram, Facebook, Twitter"
"231",47,2023-06-19 16:11:12,1,"interactuar","femenino",17,7,"Sí","Instagram, YouTube, Tik Tok"
"232",47,2023-06-19 16:11:12,2,"compartir","femenino",17,7,"Sí","Instagram, YouTube, Tik Tok"
"233",47,2023-06-19 16:11:12,3,"adiccion","femenino",17,7,"Sí","Instagram, YouTube, Tik Tok"
"234",47,2023-06-19 16:11:12,4,"socializar","femenino",17,7,"Sí","Instagram, YouTube, Tik Tok"
"235",47,2023-06-19 16:11:12,5,"postear","femenino",17,7,"Sí","Instagram, YouTube, Tik Tok"
"236",48,2023-06-19 16:13:44,1,"divertido","femenino",48,6,"Sí","Instagram, Facebook, YouTube"
"237",48,2023-06-19 16:13:44,2,"contacto","femenino",48,6,"Sí","Instagram, Facebook, YouTube"
"238",48,2023-06-19 16:13:44,3,"informacion","femenino",48,6,"Sí","Instagram, Facebook, YouTube"
"239",48,2023-06-19 16:13:44,4,"distraccion","femenino",48,6,"Sí","Instagram, Facebook, YouTube"
"240",48,2023-06-19 16:13:44,5,"compartir","femenino",48,6,"Sí","Instagram, Facebook, YouTube"
"241",49,2023-06-19 16:20:56,1,"comunicacion","masculino",43,5,"Sí","Instagram, Facebook, YouTube, Tik Tok, Happn, Tinder, Bumble, Inner Circle"
"242",49,2023-06-19 16:20:56,2,"informacion","masculino",43,5,"Sí","Instagram, Facebook, YouTube, Tik Tok, Happn, Tinder, Bumble, Inner Circle"
"243",49,2023-06-19 16:20:56,3,"sociedad","masculino",43,5,"Sí","Instagram, Facebook, YouTube, Tik Tok, Happn, Tinder, Bumble, Inner Circle"
"244",49,2023-06-19 16:20:56,4,"foto","masculino",43,5,"Sí","Instagram, Facebook, YouTube, Tik Tok, Happn, Tinder, Bumble, Inner Circle"
"245",49,2023-06-19 16:20:56,5,"musica","masculino",43,5,"Sí","Instagram, Facebook, YouTube, Tik Tok, Happn, Tinder, Bumble, Inner Circle"
"246",50,2023-06-19 16:21:19,1,"internet","masculino",17,3,"Sí","Instagram, Twitter, YouTube, Tik Tok"
"247",50,2023-06-19 16:21:19,2,"vinculo","masculino",17,3,"Sí","Instagram, Twitter, YouTube, Tik Tok"
"248",50,2023-06-19 16:21:19,3,"amistade","masculino",17,3,"Sí","Instagram, Twitter, YouTube, Tik Tok"
"249",50,2023-06-19 16:21:19,4,"persona","masculino",17,3,"Sí","Instagram, Twitter, YouTube, Tik Tok"
"250",50,2023-06-19 16:21:19,5,"autoestima","masculino",17,3,"Sí","Instagram, Twitter, YouTube, Tik Tok"
"251",51,2023-06-19 16:21:54,1,"facebook","masculino",44,1,"No","Ninguna"
"252",51,2023-06-19 16:21:54,2,"instagram","masculino",44,1,"No","Ninguna"
"253",51,2023-06-19 16:21:54,3,"tiktok","masculino",44,1,"No","Ninguna"
"254",51,2023-06-19 16:21:54,4,"youtube","masculino",44,1,"No","Ninguna"
"255",51,2023-06-19 16:21:54,5,"ningunaotra","masculino",44,1,"No","Ninguna"
"256",52,2023-06-19 16:45:31,1,"conectado","femenino",17,6,"Sí","Instagram, Tik Tok"
"257",52,2023-06-19 16:45:31,2,"comunicacion","femenino",17,6,"Sí","Instagram, Tik Tok"
"258",52,2023-06-19 16:45:31,3,"comparacion","femenino",17,6,"Sí","Instagram, Tik Tok"
"259",52,2023-06-19 16:45:31,4,"manipulacion","femenino",17,6,"Sí","Instagram, Tik Tok"
"260",52,2023-06-19 16:45:31,5,"falsedad","femenino",17,6,"Sí","Instagram, Tik Tok"
"261",53,2023-06-19 16:46:10,1,"relacione","femenino",20,10,"Sí","Instagram, Facebook, Twitter, YouTube, Tik Tok"
"262",53,2023-06-19 16:46:10,2,"foto","femenino",20,10,"Sí","Instagram, Facebook, Twitter, YouTube, Tik Tok"
"263",53,2023-06-19 16:46:10,3,"video","femenino",20,10,"Sí","Instagram, Facebook, Twitter, YouTube, Tik Tok"
"264",53,2023-06-19 16:46:10,4,"conectarse","femenino",20,10,"Sí","Instagram, Facebook, Twitter, YouTube, Tik Tok"
"265",53,2023-06-19 16:46:10,5,"difundir","femenino",20,10,"Sí","Instagram, Facebook, Twitter, YouTube, Tik Tok"
"266",54,2023-06-19 16:47:11,1,"creatividad","femenino",16,3,"Sí","Instagram, Twitter, YouTube, Tik Tok"
"267",54,2023-06-19 16:47:11,2,"sociable","femenino",16,3,"Sí","Instagram, Twitter, YouTube, Tik Tok"
"268",54,2023-06-19 16:47:11,3,"pellgro","femenino",16,3,"Sí","Instagram, Twitter, YouTube, Tik Tok"
"269",54,2023-06-19 16:47:11,4,"expresion","femenino",16,3,"Sí","Instagram, Twitter, YouTube, Tik Tok"
"270",54,2023-06-19 16:47:11,5,"libertad","femenino",16,3,"Sí","Instagram, Twitter, YouTube, Tik Tok"
"271",55,2023-06-19 16:48:03,1,"interactuar","femenino",17,5,"Sí","Instagram, Twitter, Snapchat, YouTube, Tik Tok"
"272",55,2023-06-19 16:48:03,2,"persona","femenino",17,5,"Sí","Instagram, Twitter, Snapchat, YouTube, Tik Tok"
"273",55,2023-06-19 16:48:03,3,"foto","femenino",17,5,"Sí","Instagram, Twitter, Snapchat, YouTube, Tik Tok"
"274",55,2023-06-19 16:48:03,4,"amigo","femenino",17,5,"Sí","Instagram, Twitter, Snapchat, YouTube, Tik Tok"
"275",55,2023-06-19 16:48:03,5,"conocer","femenino",17,5,"Sí","Instagram, Twitter, Snapchat, YouTube, Tik Tok"
"276",56,2023-06-19 16:50:44,1,"chisme","masculino",17,4,"Sí","Instagram, Twitter, YouTube, Tik Tok, Discord, BeReal, Telegram"
"277",56,2023-06-19 16:50:44,2,"entretenimiento","masculino",17,4,"Sí","Instagram, Twitter, YouTube, Tik Tok, Discord, BeReal, Telegram"
"278",56,2023-06-19 16:50:44,3,"exposicion","masculino",17,4,"Sí","Instagram, Twitter, YouTube, Tik Tok, Discord, BeReal, Telegram"
"279",56,2023-06-19 16:50:44,4,"comunicacion","masculino",17,4,"Sí","Instagram, Twitter, YouTube, Tik Tok, Discord, BeReal, Telegram"
"280",56,2023-06-19 16:50:44,5,"cotillear","masculino",17,4,"Sí","Instagram, Twitter, YouTube, Tik Tok, Discord, BeReal, Telegram"
"281",57,2023-06-19 16:56:39,1,"persona","masculino",17,5,"Sí","Instagram, Twitter, YouTube, Tik Tok"
"282",57,2023-06-19 16:56:39,2,"foto","masculino",17,5,"Sí","Instagram, Twitter, YouTube, Tik Tok"
"283",57,2023-06-19 16:56:39,3,"entretenimiento","masculino",17,5,"Sí","Instagram, Twitter, YouTube, Tik Tok"
"284",57,2023-06-19 16:56:39,4,"amigo","masculino",17,5,"Sí","Instagram, Twitter, YouTube, Tik Tok"
"285",57,2023-06-19 16:56:39,5,"contacto","masculino",17,5,"Sí","Instagram, Twitter, YouTube, Tik Tok"
"286",58,2023-06-19 16:59:59,1,"hablar","femenino",17,6,"Sí","Instagram, Twitter, Snapchat, YouTube, Tik Tok"
"287",58,2023-06-19 16:59:59,2,"entretenimiento","femenino",17,6,"Sí","Instagram, Twitter, Snapchat, YouTube, Tik Tok"
"288",58,2023-06-19 16:59:59,3,"sociabilizar","femenino",17,6,"Sí","Instagram, Twitter, Snapchat, YouTube, Tik Tok"
"289",58,2023-06-19 16:59:59,4,"falsedad","femenino",17,6,"Sí","Instagram, Twitter, Snapchat, YouTube, Tik Tok"
"290",58,2023-06-19 16:59:59,5,NA,"femenino",17,6,"Sí","Instagram, Twitter, Snapchat, YouTube, Tik Tok"
"291",59,2023-06-19 17:03:15,1,"conectado","femenino",17,6,"Sí","Instagram, Twitter, YouTube, Tik Tok"
"292",59,2023-06-19 17:03:15,2,"entretenimiento","femenino",17,6,"Sí","Instagram, Twitter, YouTube, Tik Tok"
"293",59,2023-06-19 17:03:15,3,"distraccion","femenino",17,6,"Sí","Instagram, Twitter, YouTube, Tik Tok"
"294",59,2023-06-19 17:03:15,4,"vida","femenino",17,6,"Sí","Instagram, Twitter, YouTube, Tik Tok"
"295",59,2023-06-19 17:03:15,5,"falsedad","femenino",17,6,"Sí","Instagram, Twitter, YouTube, Tik Tok"
"296",60,2023-06-19 17:11:26,1,"entretenimiento","femenino",16,4,"Sí","Instagram, Twitter, YouTube, Tik Tok"
"297",60,2023-06-19 17:11:26,2,"foto","femenino",16,4,"Sí","Instagram, Twitter, YouTube, Tik Tok"
"298",60,2023-06-19 17:11:26,3,"movil","femenino",16,4,"Sí","Instagram, Twitter, YouTube, Tik Tok"
"299",60,2023-06-19 17:11:26,4,"famoso","femenino",16,4,"Sí","Instagram, Twitter, YouTube, Tik Tok"
"300",60,2023-06-19 17:11:26,5,"seguidore","femenino",16,4,"Sí","Instagram, Twitter, YouTube, Tik Tok"
"301",61,2023-06-19 17:12:25,1,"hablar","masculino",17,4,"Sí","Instagram, YouTube"
"302",61,2023-06-19 17:12:25,2,"amigo","masculino",17,4,"Sí","Instagram, YouTube"
"303",61,2023-06-19 17:12:25,3,"randosm","masculino",17,4,"Sí","Instagram, YouTube"
"304",61,2023-06-19 17:12:25,4,"foto","masculino",17,4,"Sí","Instagram, YouTube"
"305",61,2023-06-19 17:12:25,5,"internet","masculino",17,4,"Sí","Instagram, YouTube"
"306",62,2023-06-19 17:14:00,1,"distraccion","femenino",16,6,"Sí","Instagram, YouTube, Tik Tok"
"307",62,2023-06-19 17:14:00,2,"perdidadetiempo","femenino",16,6,"Sí","Instagram, YouTube, Tik Tok"
"308",62,2023-06-19 17:14:00,3,"toxicidad","femenino",16,6,"Sí","Instagram, YouTube, Tik Tok"
"309",62,2023-06-19 17:14:00,4,"comparacion","femenino",16,6,"Sí","Instagram, YouTube, Tik Tok"
"310",62,2023-06-19 17:14:00,5,"superficialidad","femenino",16,6,"Sí","Instagram, YouTube, Tik Tok"
"311",63,2023-06-19 17:24:54,1,"imagen","femenino",17,3,"Sí","Instagram, Twitter, YouTube"
"312",63,2023-06-19 17:24:54,2,"socializar","femenino",17,3,"Sí","Instagram, Twitter, YouTube"
"313",63,2023-06-19 17:24:54,3,"ansiedad","femenino",17,3,"Sí","Instagram, Twitter, YouTube"
"314",63,2023-06-19 17:24:54,4,"actuar","femenino",17,3,"Sí","Instagram, Twitter, YouTube"
"315",63,2023-06-19 17:24:54,5,"adiccion","femenino",17,3,"Sí","Instagram, Twitter, YouTube"
"316",64,2023-06-19 17:28:49,1,"porno","bicholover",16,2,"Sí","Instagram, Tik Tok"
"317",64,2023-06-19 17:28:49,2,"chica","bicholover",16,2,"Sí","Instagram, Tik Tok"
"318",64,2023-06-19 17:28:49,3,"teta","bicholover",16,2,"Sí","Instagram, Tik Tok"
"319",64,2023-06-19 17:28:49,4,"culo","bicholover",16,2,"Sí","Instagram, Tik Tok"
"320",64,2023-06-19 17:28:49,5,"cono","bicholover",16,2,"Sí","Instagram, Tik Tok"
"321",65,2023-06-19 17:30:09,1,"util","masculino",19,1,"Sí","YouTube"
"322",65,2023-06-19 17:30:09,2,"perfilador","masculino",19,1,"Sí","YouTube"
"323",65,2023-06-19 17:30:09,3,"actualidad","masculino",19,1,"Sí","YouTube"
"324",65,2023-06-19 17:30:09,4,"busqueda","masculino",19,1,"Sí","YouTube"
"325",65,2023-06-19 17:30:09,5,"ocio","masculino",19,1,"Sí","YouTube"
"326",66,2023-06-19 17:30:37,1,"virale","femenino",19,8,"Sí","Instagram, Twitter, YouTube, Tik Tok"
"327",66,2023-06-19 17:30:37,2,"adictiva","femenino",19,8,"Sí","Instagram, Twitter, YouTube, Tik Tok"
"328",66,2023-06-19 17:30:37,3,"diversion","femenino",19,8,"Sí","Instagram, Twitter, YouTube, Tik Tok"
"329",66,2023-06-19 17:30:37,4,"distraccion","femenino",19,8,"Sí","Instagram, Twitter, YouTube, Tik Tok"
"330",66,2023-06-19 17:30:37,5,"versatile","femenino",19,8,"Sí","Instagram, Twitter, YouTube, Tik Tok"
"331",67,2023-06-19 17:33:38,1,"recreo","femenino",46,2,"Sí","Instagram, Twitter"
"332",67,2023-06-19 17:33:38,2,"noticia","femenino",46,2,"Sí","Instagram, Twitter"
"333",67,2023-06-19 17:33:38,3,"distraccion","femenino",46,2,"Sí","Instagram, Twitter"
"334",67,2023-06-19 17:33:38,4,"violencia","femenino",46,2,"Sí","Instagram, Twitter"
"335",67,2023-06-19 17:33:38,5,"comunidad","femenino",46,2,"Sí","Instagram, Twitter"
"336",68,2023-06-19 17:35:01,1,"global","femenino",17,3,"Sí","Instagram, Twitter, Snapchat, YouTube, Tik Tok"
"337",68,2023-06-19 17:35:01,2,"comunicacion","femenino",17,3,"Sí","Instagram, Twitter, Snapchat, YouTube, Tik Tok"
"338",68,2023-06-19 17:35:01,3,"amigo","femenino",17,3,"Sí","Instagram, Twitter, Snapchat, YouTube, Tik Tok"
"339",68,2023-06-19 17:35:01,4,"superficialidad","femenino",17,3,"Sí","Instagram, Twitter, Snapchat, YouTube, Tik Tok"
"340",68,2023-06-19 17:35:01,5,"toxicidad","femenino",17,3,"Sí","Instagram, Twitter, Snapchat, YouTube, Tik Tok"
"341",69,2023-06-19 17:36:59,1,"conexion","masculino",46,2,"Sí","Twitter, YouTube, Tik Tok"
"342",69,2023-06-19 17:36:59,2,"innovacion","masculino",46,2,"Sí","Twitter, YouTube, Tik Tok"
"343",69,2023-06-19 17:36:59,3,"conocimiento","masculino",46,2,"Sí","Twitter, YouTube, Tik Tok"
"344",69,2023-06-19 17:36:59,4,"entretenimiento","masculino",46,2,"Sí","Twitter, YouTube, Tik Tok"
"345",69,2023-06-19 17:36:59,5,"comunicacion","masculino",46,2,"Sí","Twitter, YouTube, Tik Tok"
"346",70,2023-06-19 17:37:10,1,"amigo","femenino",16,4,"Sí","Instagram, YouTube, Tik Tok"
"347",70,2023-06-19 17:37:10,2,"entretenimiento","femenino",16,4,"Sí","Instagram, YouTube, Tik Tok"
"348",70,2023-06-19 17:37:10,3,"foto","femenino",16,4,"Sí","Instagram, YouTube, Tik Tok"
"349",70,2023-06-19 17:37:10,4,"video","femenino",16,4,"Sí","Instagram, YouTube, Tik Tok"
"350",70,2023-06-19 17:37:10,5,"ocio","femenino",16,4,"Sí","Instagram, YouTube, Tik Tok"
"351",71,2023-06-19 17:37:28,1,"internet","masculino",16,3,"Sí","Instagram, Snapchat, YouTube, Tik Tok"
"352",71,2023-06-19 17:37:28,2,"instagram","masculino",16,3,"Sí","Instagram, Snapchat, YouTube, Tik Tok"
"353",71,2023-06-19 17:37:28,3,"influencer","masculino",16,3,"Sí","Instagram, Snapchat, YouTube, Tik Tok"
"354",71,2023-06-19 17:37:28,4,"entretenimiento","masculino",16,3,"Sí","Instagram, Snapchat, YouTube, Tik Tok"
"355",71,2023-06-19 17:37:28,5,"diversion","masculino",16,3,"Sí","Instagram, Snapchat, YouTube, Tik Tok"
"356",72,2023-06-19 17:38:53,1,"amigo","femenino",14,3,"Sí","Instagram, Snapchat, YouTube, Tik Tok, Be real"
"357",72,2023-06-19 17:38:53,2,"vida","femenino",14,3,"Sí","Instagram, Snapchat, YouTube, Tik Tok, Be real"
"358",72,2023-06-19 17:38:53,3,"toxica","femenino",14,3,"Sí","Instagram, Snapchat, YouTube, Tik Tok, Be real"
"359",72,2023-06-19 17:38:53,4,"esteriotipada","femenino",14,3,"Sí","Instagram, Snapchat, YouTube, Tik Tok, Be real"
"360",72,2023-06-19 17:38:53,5,"superficiale","femenino",14,3,"Sí","Instagram, Snapchat, YouTube, Tik Tok, Be real"
"361",73,2023-06-19 17:39:35,1,"mediodecomunicacion","masculino",17,8,"Sí","Instagram, Facebook, Twitter, Tik Tok"
"362",73,2023-06-19 17:39:35,2,"adictiva","masculino",17,8,"Sí","Instagram, Facebook, Twitter, Tik Tok"
"363",73,2023-06-19 17:39:35,3,"informativa","masculino",17,8,"Sí","Instagram, Facebook, Twitter, Tik Tok"
"364",73,2023-06-19 17:39:35,4,"entretenimiento","masculino",17,8,"Sí","Instagram, Facebook, Twitter, Tik Tok"
"365",73,2023-06-19 17:39:35,5,"emprendimiento","masculino",17,8,"Sí","Instagram, Facebook, Twitter, Tik Tok"
"366",74,2023-06-19 17:52:42,1,"seguidore","femenino",19,6,"Sí","Instagram, Twitter, YouTube, Tik Tok"
"367",74,2023-06-19 17:52:42,2,"like","femenino",19,6,"Sí","Instagram, Twitter, YouTube, Tik Tok"
"368",74,2023-06-19 17:52:42,3,"foto","femenino",19,6,"Sí","Instagram, Twitter, YouTube, Tik Tok"
"369",74,2023-06-19 17:52:42,4,"viral","femenino",19,6,"Sí","Instagram, Twitter, YouTube, Tik Tok"
"370",74,2023-06-19 17:52:42,5,"exposicion","femenino",19,6,"Sí","Instagram, Twitter, YouTube, Tik Tok"
"371",75,2023-06-19 17:56:52,1,"like","femenino",16,3,"Sí","Instagram, Twitter, Tik Tok"
"372",75,2023-06-19 17:56:52,2,"influ","femenino",16,3,"Sí","Instagram, Twitter, Tik Tok"
"373",75,2023-06-19 17:56:52,3,"seguidore","femenino",16,3,"Sí","Instagram, Twitter, Tik Tok"
"374",75,2023-06-19 17:56:52,4,"entretenimiento","femenino",16,3,"Sí","Instagram, Twitter, Tik Tok"
"375",75,2023-06-19 17:56:52,5,"adiccion","femenino",16,3,"Sí","Instagram, Twitter, Tik Tok"
"376",76,2023-06-19 18:01:41,1,"interconexion","masculino",17,4,"Sí","Instagram, Twitter, YouTube, Tik Tok"
"377",76,2023-06-19 18:01:41,2,"comunidad","masculino",17,4,"Sí","Instagram, Twitter, YouTube, Tik Tok"
"378",76,2023-06-19 18:01:41,3,"comunicacion","masculino",17,4,"Sí","Instagram, Twitter, YouTube, Tik Tok"
"379",76,2023-06-19 18:01:41,4,"interaccion","masculino",17,4,"Sí","Instagram, Twitter, YouTube, Tik Tok"
"380",76,2023-06-19 18:01:41,5,"plataforma","masculino",17,4,"Sí","Instagram, Twitter, YouTube, Tik Tok"
"381",77,2023-06-19 18:03:22,1,"social","femenino",17,4,"Sí","Instagram, Tik Tok"
"382",77,2023-06-19 18:03:22,2,"conectar","femenino",17,4,"Sí","Instagram, Tik Tok"
"383",77,2023-06-19 18:03:22,3,"compartir","femenino",17,4,"Sí","Instagram, Tik Tok"
"384",77,2023-06-19 18:03:22,4,"aprender","femenino",17,4,"Sí","Instagram, Tik Tok"
"385",77,2023-06-19 18:03:22,5,"ensenar","femenino",17,4,"Sí","Instagram, Tik Tok"
"386",78,2023-06-19 18:44:38,1,"pavear","masculino",41,1,"Sí","Instagram, Twitter, YouTube, Tik Tok"
"387",78,2023-06-19 18:44:38,2,"distrer","masculino",41,1,"Sí","Instagram, Twitter, YouTube, Tik Tok"
"388",78,2023-06-19 18:44:38,3,"informar","masculino",41,1,"Sí","Instagram, Twitter, YouTube, Tik Tok"
"389",78,2023-06-19 18:44:38,4,"enojar","masculino",41,1,"Sí","Instagram, Twitter, YouTube, Tik Tok"
"390",78,2023-06-19 18:44:38,5,NA,"masculino",41,1,"Sí","Instagram, Twitter, YouTube, Tik Tok"
"391",79,2023-06-19 18:56:02,1,"entretenimiento","femenino",19,5,"Sí","Instagram, Facebook, YouTube"
"392",79,2023-06-19 18:56:02,2,"novedade","femenino",19,5,"Sí","Instagram, Facebook, YouTube"
"393",79,2023-06-19 18:56:02,3,"publicidade","femenino",19,5,"Sí","Instagram, Facebook, YouTube"
"394",79,2023-06-19 18:56:02,4,"vicio","femenino",19,5,"Sí","Instagram, Facebook, YouTube"
"395",79,2023-06-19 18:56:02,5,"conexion","femenino",19,5,"Sí","Instagram, Facebook, YouTube"
"396",80,2023-06-19 19:05:31,1,"amigo","masculino",15,4,"Sí","Instagram, Snapchat, YouTube, Tik Tok"
"397",80,2023-06-19 19:05:31,2,"publicacion/e","masculino",15,4,"Sí","Instagram, Snapchat, YouTube, Tik Tok"
"398",80,2023-06-19 19:05:31,3,"foto","masculino",15,4,"Sí","Instagram, Snapchat, YouTube, Tik Tok"
"399",80,2023-06-19 19:05:31,4,"vida","masculino",15,4,"Sí","Instagram, Snapchat, YouTube, Tik Tok"
"400",80,2023-06-19 19:05:31,5,"celular","masculino",15,4,"Sí","Instagram, Snapchat, YouTube, Tik Tok"
"401",81,2023-06-19 19:11:40,1,"noticia","femenino",42,2,"Sí","Instagram, Facebook, Twitter, YouTube, Tik Tok"
"402",81,2023-06-19 19:11:40,2,"musica","femenino",42,2,"Sí","Instagram, Facebook, Twitter, YouTube, Tik Tok"
"403",81,2023-06-19 19:11:40,3,"curso","femenino",42,2,"Sí","Instagram, Facebook, Twitter, YouTube, Tik Tok"
"404",81,2023-06-19 19:11:40,4,"pelicula","femenino",42,2,"Sí","Instagram, Facebook, Twitter, YouTube, Tik Tok"
"405",81,2023-06-19 19:11:40,5,"meme","femenino",42,2,"Sí","Instagram, Facebook, Twitter, YouTube, Tik Tok"
"406",82,2023-06-19 19:18:35,1,"amigo","masculino",20,5,"Sí","Instagram, Twitter, YouTube"
"407",82,2023-06-19 19:18:35,2,"aprender","masculino",20,5,"Sí","Instagram, Twitter, YouTube"
"408",82,2023-06-19 19:18:35,3,"tiempo","masculino",20,5,"Sí","Instagram, Twitter, YouTube"
"409",82,2023-06-19 19:18:35,4,"foto","masculino",20,5,"Sí","Instagram, Twitter, YouTube"
"410",82,2023-06-19 19:18:35,5,"noticia","masculino",20,5,"Sí","Instagram, Twitter, YouTube"
"411",83,2023-06-19 19:20:04,1,"transmitir","femenino",17,3,"Sí","Instagram, Facebook, Twitter, YouTube, Tik Tok"
"412",83,2023-06-19 19:20:04,2,"comparacion","femenino",17,3,"Sí","Instagram, Facebook, Twitter, YouTube, Tik Tok"
"413",83,2023-06-19 19:20:04,3,"trabajo","femenino",17,3,"Sí","Instagram, Facebook, Twitter, YouTube, Tik Tok"
"414",83,2023-06-19 19:20:04,4,"contenido","femenino",17,3,"Sí","Instagram, Facebook, Twitter, YouTube, Tik Tok"
"415",83,2023-06-19 19:20:04,5,"estilo","femenino",17,3,"Sí","Instagram, Facebook, Twitter, YouTube, Tik Tok"
"416",84,2023-06-19 19:28:52,1,"comunicacion","masculino",20,4,"Sí","Instagram, Facebook, Twitter, YouTube, Tik Tok"
"417",84,2023-06-19 19:28:52,2,"entretenimiento","masculino",20,4,"Sí","Instagram, Facebook, Twitter, YouTube, Tik Tok"
"418",84,2023-06-19 19:28:52,3,"descubrimiento","masculino",20,4,"Sí","Instagram, Facebook, Twitter, YouTube, Tik Tok"
"419",84,2023-06-19 19:28:52,4,"descubrimiento","masculino",20,4,"Sí","Instagram, Facebook, Twitter, YouTube, Tik Tok"
"420",84,2023-06-19 19:28:52,5,NA,"masculino",20,4,"Sí","Instagram, Facebook, Twitter, YouTube, Tik Tok"
"421",85,2023-06-19 19:31:22,1,"comparacion","femenino",19,5,"Sí","Instagram, Twitter, YouTube, Tik Tok"
"422",85,2023-06-19 19:31:22,2,"creatividad","femenino",19,5,"Sí","Instagram, Twitter, YouTube, Tik Tok"
"423",85,2023-06-19 19:31:22,3,"diversion","femenino",19,5,"Sí","Instagram, Twitter, YouTube, Tik Tok"
"424",85,2023-06-19 19:31:22,4,"ansiedad","femenino",19,5,"Sí","Instagram, Twitter, YouTube, Tik Tok"
"425",85,2023-06-19 19:31:22,5,"presion","femenino",19,5,"Sí","Instagram, Twitter, YouTube, Tik Tok"
"426",86,2023-06-19 20:04:52,1,"entretenimiento","masculino",17,4,"Sí","Instagram, YouTube, Tik Tok"
"427",86,2023-06-19 20:04:52,2,"diversion","masculino",17,4,"Sí","Instagram, YouTube, Tik Tok"
"428",86,2023-06-19 20:04:52,3,"aburrimiento","masculino",17,4,"Sí","Instagram, YouTube, Tik Tok"
"429",86,2023-06-19 20:04:52,4,".","masculino",17,4,"Sí","Instagram, YouTube, Tik Tok"
"430",86,2023-06-19 20:04:52,5,"perdonnosemeocurrenma","masculino",17,4,"Sí","Instagram, YouTube, Tik Tok"
"431",87,2023-06-19 20:23:48,1,"entretenimiento","femenino",22,5,"Sí","Instagram, Facebook, YouTube"
"432",87,2023-06-19 20:23:48,2,"comunicacion","femenino",22,5,"Sí","Instagram, Facebook, YouTube"
"433",87,2023-06-19 20:23:48,3,"publicacion","femenino",22,5,"Sí","Instagram, Facebook, YouTube"
"434",87,2023-06-19 20:23:48,4,"tendencia","femenino",22,5,"Sí","Instagram, Facebook, YouTube"
"435",87,2023-06-19 20:23:48,5,"mundo","femenino",22,5,"Sí","Instagram, Facebook, YouTube"
"436",88,2023-06-19 20:26:20,1,"dependencia","femenino",19,5,"Sí","Instagram, Twitter, YouTube, Tik Tok"
"437",88,2023-06-19 20:26:20,2,"adiccion","femenino",19,5,"Sí","Instagram, Twitter, YouTube, Tik Tok"
"438",88,2023-06-19 20:26:20,3,"entretenimiento","femenino",19,5,"Sí","Instagram, Twitter, YouTube, Tik Tok"
"439",88,2023-06-19 20:26:20,4,"diversion","femenino",19,5,"Sí","Instagram, Twitter, YouTube, Tik Tok"
"440",88,2023-06-19 20:26:20,5,"comunicacion","femenino",19,5,"Sí","Instagram, Twitter, YouTube, Tik Tok"
"441",89,2023-06-19 20:45:35,1,"diversidaddecontenido","masculino",17,3,"Sí","Instagram, YouTube"
"442",89,2023-06-19 20:45:35,2,"falsedad","masculino",17,3,"Sí","Instagram, YouTube"
"443",89,2023-06-19 20:45:35,3,"produccion","masculino",17,3,"Sí","Instagram, YouTube"
"444",89,2023-06-19 20:45:35,4,"(nosabriacontestarte)","masculino",17,3,"Sí","Instagram, YouTube"
"445",89,2023-06-19 20:45:35,5,NA,"masculino",17,3,"Sí","Instagram, YouTube"
"446",90,2023-06-19 20:48:37,1,"foto","masculino",16,10,"Sí","Instagram, YouTube, Tik Tok"
"447",90,2023-06-19 20:48:37,2,"video","masculino",16,10,"Sí","Instagram, YouTube, Tik Tok"
"448",90,2023-06-19 20:48:37,3,"exposicion","masculino",16,10,"Sí","Instagram, YouTube, Tik Tok"
"449",90,2023-06-19 20:48:37,4,"compartir","masculino",16,10,"Sí","Instagram, YouTube, Tik Tok"
"450",90,2023-06-19 20:48:37,5,"relacionarte","masculino",16,10,"Sí","Instagram, YouTube, Tik Tok"
"451",91,2023-06-19 20:48:48,1,"comunicacion","femenino",17,3,"Sí","Instagram, Tik Tok,"
"452",91,2023-06-19 20:48:48,2,"informativo","femenino",17,3,"Sí","Instagram, Tik Tok,"
"453",91,2023-06-19 20:48:48,3,"divertido","femenino",17,3,"Sí","Instagram, Tik Tok,"
"454",91,2023-06-19 20:48:48,4,"falso","femenino",17,3,"Sí","Instagram, Tik Tok,"
"455",91,2023-06-19 20:48:48,5,"adictivo","femenino",17,3,"Sí","Instagram, Tik Tok,"
"456",92,2023-06-19 21:02:41,1,"amigo","masculino",54,2,"Sí","Instagram, Facebook, Twitter, YouTube, Tik Tok"
"457",92,2023-06-19 21:02:41,2,"informacion","masculino",54,2,"Sí","Instagram, Facebook, Twitter, YouTube, Tik Tok"
"458",92,2023-06-19 21:02:41,3,"video","masculino",54,2,"Sí","Instagram, Facebook, Twitter, YouTube, Tik Tok"
"459",92,2023-06-19 21:02:41,4,"entretenimiento","masculino",54,2,"Sí","Instagram, Facebook, Twitter, YouTube, Tik Tok"
"460",92,2023-06-19 21:02:41,5,"comunicacion","masculino",54,2,"Sí","Instagram, Facebook, Twitter, YouTube, Tik Tok"
"461",93,2023-06-19 21:03:42,1,"viaje","femenino",43,3,"Sí","Instagram, Facebook, Twitter, YouTube, Tik Tok"
"462",93,2023-06-19 21:03:42,2,"amigo","femenino",43,3,"Sí","Instagram, Facebook, Twitter, YouTube, Tik Tok"
"463",93,2023-06-19 21:03:42,3,"trabajo","femenino",43,3,"Sí","Instagram, Facebook, Twitter, YouTube, Tik Tok"
"464",93,2023-06-19 21:03:42,4,"diversion","femenino",43,3,"Sí","Instagram, Facebook, Twitter, YouTube, Tik Tok"
"465",93,2023-06-19 21:03:42,5,"musica","femenino",43,3,"Sí","Instagram, Facebook, Twitter, YouTube, Tik Tok"
"466",94,2023-06-19 21:07:06,1,"informacion","femenino",53,2,"Sí","Instagram, Facebook, YouTube, Tik Tok"
"467",94,2023-06-19 21:07:06,2,"venta","femenino",53,2,"Sí","Instagram, Facebook, YouTube, Tik Tok"
"468",94,2023-06-19 21:07:06,3,"conectar","femenino",53,2,"Sí","Instagram, Facebook, YouTube, Tik Tok"
"469",94,2023-06-19 21:07:06,4,"busqueda","femenino",53,2,"Sí","Instagram, Facebook, YouTube, Tik Tok"
"470",94,2023-06-19 21:07:06,5,"sociabilizar","femenino",53,2,"Sí","Instagram, Facebook, YouTube, Tik Tok"
"471",95,2023-06-19 21:10:10,1,"compartir","masculino",46,2,"Sí","Instagram, Facebook, YouTube"
"472",95,2023-06-19 21:10:10,2,"investigar","masculino",46,2,"Sí","Instagram, Facebook, YouTube"
"473",95,2023-06-19 21:10:10,3,"aprender","masculino",46,2,"Sí","Instagram, Facebook, YouTube"
"474",95,2023-06-19 21:10:10,4,"relajar","masculino",46,2,"Sí","Instagram, Facebook, YouTube"
"475",95,2023-06-19 21:10:10,5,"chusmear","masculino",46,2,"Sí","Instagram, Facebook, YouTube"
"476",96,2023-06-19 21:14:04,1,"noticia","masculino",55,1,"Sí","Facebook, Twitter"
"477",96,2023-06-19 21:14:04,2,"novedade","masculino",55,1,"Sí","Facebook, Twitter"
"478",96,2023-06-19 21:14:04,3,"publicidad","masculino",55,1,"Sí","Facebook, Twitter"
"479",96,2023-06-19 21:14:04,4,"tendencia","masculino",55,1,"Sí","Facebook, Twitter"
"480",96,2023-06-19 21:14:04,5,"recordatorio","masculino",55,1,"Sí","Facebook, Twitter"
"481",97,2023-06-19 21:14:28,1,"comunicacion","femenino",44,2,"Sí","Instagram, Facebook"
"482",97,2023-06-19 21:14:28,2,"difusion","femenino",44,2,"Sí","Instagram, Facebook"
"483",97,2023-06-19 21:14:28,3,"globalization","femenino",44,2,"Sí","Instagram, Facebook"
"484",97,2023-06-19 21:14:28,4,"reel","femenino",44,2,"Sí","Instagram, Facebook"
"485",97,2023-06-19 21:14:28,5,"impersonal","femenino",44,2,"Sí","Instagram, Facebook"
"486",98,2023-06-19 21:18:32,1,"foto","masculino",17,3,"Sí","Instagram, Snapchat, YouTube"
"487",98,2023-06-19 21:18:32,2,"video","masculino",17,3,"Sí","Instagram, Snapchat, YouTube"
"488",98,2023-06-19 21:18:32,3,"contacto","masculino",17,3,"Sí","Instagram, Snapchat, YouTube"
"489",98,2023-06-19 21:18:32,4,"meme","masculino",17,3,"Sí","Instagram, Snapchat, YouTube"
"490",98,2023-06-19 21:18:32,5,"famoso","masculino",17,3,"Sí","Instagram, Snapchat, YouTube"
"491",99,2023-06-19 21:18:37,1,"investigar","femenino",43,3,"Sí","Instagram, Twitter"
"492",99,2023-06-19 21:18:37,2,"aprender","femenino",43,3,"Sí","Instagram, Twitter"
"493",99,2023-06-19 21:18:37,3,"ocio","femenino",43,3,"Sí","Instagram, Twitter"
"494",99,2023-06-19 21:18:37,4,"chisme","femenino",43,3,"Sí","Instagram, Twitter"
"495",99,2023-06-19 21:18:37,5,"curiosidad","femenino",43,3,"Sí","Instagram, Twitter"
"496",100,2023-06-19 21:19:45,1,"informacion","masculino",43,1,"Sí","Instagram, YouTube"
"497",100,2023-06-19 21:19:45,2,"mentira","masculino",43,1,"Sí","Instagram, YouTube"
"498",100,2023-06-19 21:19:45,3,"entretenimiento","masculino",43,1,"Sí","Instagram, YouTube"
"499",100,2023-06-19 21:19:45,4,"acercamiento","masculino",43,1,"Sí","Instagram, YouTube"
"500",100,2023-06-19 21:19:45,5,"variedad","masculino",43,1,"Sí","Instagram, YouTube"
"501",101,2023-06-19 21:33:15,1,"entretenimiento","masculino",42,1,"Sí","Instagram, Twitter"
"502",101,2023-06-19 21:33:15,2,"informativo","masculino",42,1,"Sí","Instagram, Twitter"
"503",101,2023-06-19 21:33:15,3,"stockeo","masculino",42,1,"Sí","Instagram, Twitter"
"504",101,2023-06-19 21:33:15,4,"intercambio","masculino",42,1,"Sí","Instagram, Twitter"
"505",101,2023-06-19 21:33:15,5,NA,"masculino",42,1,"Sí","Instagram, Twitter"
"506",102,2023-06-19 21:39:24,1,"chat","femenino",21,4,"Sí","Instagram, Facebook, Twitter, Tik Tok"
"507",102,2023-06-19 21:39:24,2,"contenido","femenino",21,4,"Sí","Instagram, Facebook, Twitter, Tik Tok"
"508",102,2023-06-19 21:39:24,3,"comunicacion","femenino",21,4,"Sí","Instagram, Facebook, Twitter, Tik Tok"
"509",102,2023-06-19 21:39:24,4,"viralizacion","femenino",21,4,"Sí","Instagram, Facebook, Twitter, Tik Tok"
"510",102,2023-06-19 21:39:24,5,"estereotipo","femenino",21,4,"Sí","Instagram, Facebook, Twitter, Tik Tok"
"511",103,2023-06-19 22:03:16,1,"chusmerio","femenino",42,5,"Sí","Instagram, Facebook"
"512",103,2023-06-19 22:03:16,2,"distraccion","femenino",42,5,"Sí","Instagram, Facebook"
"513",103,2023-06-19 22:03:16,3,"risa","femenino",42,5,"Sí","Instagram, Facebook"
"514",103,2023-06-19 22:03:16,4,"informacion","femenino",42,5,"Sí","Instagram, Facebook"
"515",103,2023-06-19 22:03:16,5,NA,"femenino",42,5,"Sí","Instagram, Facebook"
"516",104,2023-06-19 22:03:46,1,"informacion","femenino",56,2,"Sí","Instagram, YouTube"
"517",104,2023-06-19 22:03:46,2,"entretenimiento","femenino",56,2,"Sí","Instagram, YouTube"
"518",104,2023-06-19 22:03:46,3,"risas(bloopers)","femenino",56,2,"Sí","Instagram, YouTube"
"519",104,2023-06-19 22:03:46,4,"ternura(videosdeanimales)","femenino",56,2,"Sí","Instagram, YouTube"
"520",104,2023-06-19 22:03:46,5,"adiccion(alinstagram)","femenino",56,2,"Sí","Instagram, YouTube"
"521",105,2023-06-19 22:12:44,1,"amiga","femenino",43,3,"Sí","Instagram, Facebook, Twitter, YouTube, Tik Tok"
"522",105,2023-06-19 22:12:44,2,"trabajo","femenino",43,3,"Sí","Instagram, Facebook, Twitter, YouTube, Tik Tok"
"523",105,2023-06-19 22:12:44,3,"diversion","femenino",43,3,"Sí","Instagram, Facebook, Twitter, YouTube, Tik Tok"
"524",105,2023-06-19 22:12:44,4,"musica","femenino",43,3,"Sí","Instagram, Facebook, Twitter, YouTube, Tik Tok"
"525",105,2023-06-19 22:12:44,5,"compra","femenino",43,3,"Sí","Instagram, Facebook, Twitter, YouTube, Tik Tok"
"526",106,2023-06-19 22:23:59,1,"info","femenino",44,5,"Sí","Instagram, Facebook, Twitter, YouTube,"
"527",106,2023-06-19 22:23:59,2,"precio","femenino",44,5,"Sí","Instagram, Facebook, Twitter, YouTube,"
"528",106,2023-06-19 22:23:59,3,"modelo","femenino",44,5,"Sí","Instagram, Facebook, Twitter, YouTube,"
"529",106,2023-06-19 22:23:59,4,"direccione","femenino",44,5,"Sí","Instagram, Facebook, Twitter, YouTube,"
"530",106,2023-06-19 22:23:59,5,"formasdepago","femenino",44,5,"Sí","Instagram, Facebook, Twitter, YouTube,"
"531",107,2023-06-19 22:24:45,1,"comunicacion","masculino",48,1,"No","YouTube"
"532",107,2023-06-19 22:24:45,2,"compartir","masculino",48,1,"No","YouTube"
"533",107,2023-06-19 22:24:45,3,"buscar","masculino",48,1,"No","YouTube"
"534",107,2023-06-19 22:24:45,4,"opinion","masculino",48,1,"No","YouTube"
"535",107,2023-06-19 22:24:45,5,"impunidad","masculino",48,1,"No","YouTube"
"536",108,2023-06-19 22:25:26,1,"facebook","femenino",40,6,"Sí","Instagram, Facebook"
"537",108,2023-06-19 22:25:26,2,"instagram","femenino",40,6,"Sí","Instagram, Facebook"
"538",108,2023-06-19 22:25:26,3,"whatsapp","femenino",40,6,"Sí","Instagram, Facebook"
"539",108,2023-06-19 22:25:26,4,"tiktok","femenino",40,6,"Sí","Instagram, Facebook"
"540",108,2023-06-19 22:25:26,5,"linkedin","femenino",40,6,"Sí","Instagram, Facebook"
"541",109,2023-06-19 22:28:47,1,"comunicacion","masculino",51,2,"Sí","Instagram"
"542",109,2023-06-19 22:28:47,2,"tecnologoa","masculino",51,2,"Sí","Instagram"
"543",109,2023-06-19 22:28:47,3,"avance","masculino",51,2,"Sí","Instagram"
"544",109,2023-06-19 22:28:47,4,"conexion","masculino",51,2,"Sí","Instagram"
"545",109,2023-06-19 22:28:47,5,"integracion","masculino",51,2,"Sí","Instagram"
"546",110,2023-06-19 22:29:26,1,"actualidad","femenino",50,2,"Sí","Instagram, Facebook"
"547",110,2023-06-19 22:29:26,2,"novedad","femenino",50,2,"Sí","Instagram, Facebook"
"548",110,2023-06-19 22:29:26,3,"social","femenino",50,2,"Sí","Instagram, Facebook"
"549",110,2023-06-19 22:29:26,4,"moda","femenino",50,2,"Sí","Instagram, Facebook"
"550",110,2023-06-19 22:29:26,5,"modernidad","femenino",50,2,"Sí","Instagram, Facebook"
"551",111,2023-06-19 22:32:02,1,"relacione","masculino",51,3,"Sí","Instagram, Facebook, Twitter, YouTube, Tik Tok"
"552",111,2023-06-19 22:32:02,2,"comunicacion","masculino",51,3,"Sí","Instagram, Facebook, Twitter, YouTube, Tik Tok"
"553",111,2023-06-19 22:32:02,3,"exposicion","masculino",51,3,"Sí","Instagram, Facebook, Twitter, YouTube, Tik Tok"
"554",111,2023-06-19 22:32:02,4,"adiccion","masculino",51,3,"Sí","Instagram, Facebook, Twitter, YouTube, Tik Tok"
"555",111,2023-06-19 22:32:02,5,"influencia","masculino",51,3,"Sí","Instagram, Facebook, Twitter, YouTube, Tik Tok"
"556",112,2023-06-19 23:52:44,1,"adiccion","femenino",18,8,"Sí","Instagram, YouTube"
"557",112,2023-06-19 23:52:44,2,"dopamina","femenino",18,8,"Sí","Instagram, YouTube"
"558",112,2023-06-19 23:52:44,3,"perdidadetiempo","femenino",18,8,"Sí","Instagram, YouTube"
"559",112,2023-06-19 23:52:44,4,"falsedad","femenino",18,8,"Sí","Instagram, YouTube"
"560",112,2023-06-19 23:52:44,5,"hipocresia","femenino",18,8,"Sí","Instagram, YouTube"
"561",113,2023-06-20 01:50:41,1,"wifi","femenino",41,3,"Sí","Instagram, Facebook, YouTube"
"562",113,2023-06-20 01:50:41,2,"dato","femenino",41,3,"Sí","Instagram, Facebook, YouTube"
"563",113,2023-06-20 01:50:41,3,"informacion","femenino",41,3,"Sí","Instagram, Facebook, YouTube"
"564",113,2023-06-20 01:50:41,4,"socializacion","femenino",41,3,"Sí","Instagram, Facebook, YouTube"
"565",113,2023-06-20 01:50:41,5,"comunicacion","femenino",41,3,"Sí","Instagram, Facebook, YouTube"
"566",114,2023-06-20 10:36:38,1,"instagram","masculino",41,2,"Sí","Instagram, Facebook"
"567",114,2023-06-20 10:36:38,2,"facebook","masculino",41,2,"Sí","Instagram, Facebook"
"568",114,2023-06-20 10:36:38,3,"youtube","masculino",41,2,"Sí","Instagram, Facebook"
"569",114,2023-06-20 10:36:38,4,"tiktok","masculino",41,2,"Sí","Instagram, Facebook"
"570",114,2023-06-20 10:36:38,5,NA,"masculino",41,2,"Sí","Instagram, Facebook"
"571",115,2023-06-20 11:05:07,1,"conexion","femenino",52,1,"Sí","Instagram, Facebook"
"572",115,2023-06-20 11:05:07,2,"tutoriale","femenino",52,1,"Sí","Instagram, Facebook"
"573",115,2023-06-20 11:05:07,3,"receta","femenino",52,1,"Sí","Instagram, Facebook"
"574",115,2023-06-20 11:05:07,4,"viaje","femenino",52,1,"Sí","Instagram, Facebook"
"575",115,2023-06-20 11:05:07,5,"producto","femenino",52,1,"Sí","Instagram, Facebook"
"576",116,2023-06-20 12:37:01,1,"cultura","masculino",28,2,"Sí","Instagram"
"577",116,2023-06-20 12:37:01,2,"cv","masculino",28,2,"Sí","Instagram"
"578",116,2023-06-20 12:37:01,3,"chongueo","masculino",28,2,"Sí","Instagram"
"579",116,2023-06-20 12:37:01,4,"proyectosartistico","masculino",28,2,"Sí","Instagram"
"580",116,2023-06-20 12:37:01,5,"lobby","masculino",28,2,"Sí","Instagram"
"581",117,2023-06-20 13:33:51,1,"internet","femenino",43,4,"Sí","Facebook, YouTube, Tik Tok"
"582",117,2023-06-20 13:33:51,2,"compu","femenino",43,4,"Sí","Facebook, YouTube, Tik Tok"
"583",117,2023-06-20 13:33:51,3,"informacion","femenino",43,4,"Sí","Facebook, YouTube, Tik Tok"
"584",117,2023-06-20 13:33:51,4,"video","femenino",43,4,"Sí","Facebook, YouTube, Tik Tok"
"585",117,2023-06-20 13:33:51,5,"boludei","femenino",43,4,"Sí","Facebook, YouTube, Tik Tok"
"586",118,2023-06-20 14:06:04,1,"persona","femenino",17,4,"Sí","Instagram, YouTube, Tik Tok"
"587",118,2023-06-20 14:06:04,2,"relacione","femenino",17,4,"Sí","Instagram, YouTube, Tik Tok"
"588",118,2023-06-20 14:06:04,3,"comunicacion","femenino",17,4,"Sí","Instagram, YouTube, Tik Tok"
"589",118,2023-06-20 14:06:04,4,"video","femenino",17,4,"Sí","Instagram, YouTube, Tik Tok"
"590",118,2023-06-20 14:06:04,5,"internet","femenino",17,4,"Sí","Instagram, YouTube, Tik Tok"
"591",119,2023-06-20 14:51:52,1,"ig","femenino",51,3,"Sí","Instagram, Facebook, YouTube"
"592",119,2023-06-20 14:51:52,2,"influencer","femenino",51,3,"Sí","Instagram, Facebook, YouTube"
"593",119,2023-06-20 14:51:52,3,"reach","femenino",51,3,"Sí","Instagram, Facebook, YouTube"
"594",119,2023-06-20 14:51:52,4,"metrica","femenino",51,3,"Sí","Instagram, Facebook, YouTube"
"595",119,2023-06-20 14:51:52,5,"organico","femenino",51,3,"Sí","Instagram, Facebook, YouTube"
"596",120,2023-06-20 16:45:01,1,"anonimato","masculino",59,1,"No","Nimguna"
"597",120,2023-06-20 16:45:01,2,"exposicion","masculino",59,1,"No","Nimguna"
"598",120,2023-06-20 16:45:01,3,"publicidad","masculino",59,1,"No","Nimguna"
"599",120,2023-06-20 16:45:01,4,"distancia","masculino",59,1,"No","Nimguna"
"600",120,2023-06-20 16:45:01,5,"impersonal","masculino",59,1,"No","Nimguna"
"601",121,2023-06-21 08:10:02,1,"foto","femenino",17,6,"Sí","Instagram, Twitter, Tik Tok"
"602",121,2023-06-21 08:10:02,2,"exposicion","femenino",17,6,"Sí","Instagram, Twitter, Tik Tok"
"603",121,2023-06-21 08:10:02,3,"hater","femenino",17,6,"Sí","Instagram, Twitter, Tik Tok"
"604",121,2023-06-21 08:10:02,4,"aestetik","femenino",17,6,"Sí","Instagram, Twitter, Tik Tok"
"605",121,2023-06-21 08:10:02,5,"polemica","femenino",17,6,"Sí","Instagram, Twitter, Tik Tok"
"606",122,2023-06-21 08:48:37,1,"entretenimiento","femenino",17,8,"Sí","Instagram, Twitter, YouTube, Tik Tok"
"607",122,2023-06-21 08:48:37,2,"aislamiento","femenino",17,8,"Sí","Instagram, Twitter, YouTube, Tik Tok"
"608",122,2023-06-21 08:48:37,3,"exceso","femenino",17,8,"Sí","Instagram, Twitter, YouTube, Tik Tok"
"609",122,2023-06-21 08:48:37,4,"comunicacion","femenino",17,8,"Sí","Instagram, Twitter, YouTube, Tik Tok"
"610",122,2023-06-21 08:48:37,5,"crear","femenino",17,8,"Sí","Instagram, Twitter, YouTube, Tik Tok"
"611",123,2023-06-21 09:59:59,1,"entretenimiento","masculino",17,5,"Sí","Instagram, YouTube, Tik Tok"
"612",123,2023-06-21 09:59:59,2,"vicio","masculino",17,5,"Sí","Instagram, YouTube, Tik Tok"
"613",123,2023-06-21 09:59:59,3,"diversion","masculino",17,5,"Sí","Instagram, YouTube, Tik Tok"
"614",123,2023-06-21 09:59:59,4,"investigacion","masculino",17,5,"Sí","Instagram, YouTube, Tik Tok"
"615",123,2023-06-21 09:59:59,5,"tecnologia","masculino",17,5,"Sí","Instagram, YouTube, Tik Tok"
"616",124,2023-06-21 10:01:08,1,"comunicacion","masculino",17,3,"Sí","Instagram, Facebook, Twitter, YouTube"
"617",124,2023-06-21 10:01:08,2,"sociabilizacionvirtual","masculino",17,3,"Sí","Instagram, Facebook, Twitter, YouTube"
"618",124,2023-06-21 10:01:08,3,"entretenimiento","masculino",17,3,"Sí","Instagram, Facebook, Twitter, YouTube"
"619",124,2023-06-21 10:01:08,4,"marketing","masculino",17,3,"Sí","Instagram, Facebook, Twitter, YouTube"
"620",124,2023-06-21 10:01:08,5,"amigo","masculino",17,3,"Sí","Instagram, Facebook, Twitter, YouTube"
"621",125,2023-06-21 10:26:04,1,"internet","femenino",17,4,"Sí","Instagram, Twitter, YouTube, Tik Tok"
"622",125,2023-06-21 10:26:04,2,"wifi","femenino",17,4,"Sí","Instagram, Twitter, YouTube, Tik Tok"
"623",125,2023-06-21 10:26:04,3,"youtube","femenino",17,4,"Sí","Instagram, Twitter, YouTube, Tik Tok"
"624",125,2023-06-21 10:26:04,4,".","femenino",17,4,"Sí","Instagram, Twitter, YouTube, Tik Tok"
"625",125,2023-06-21 10:26:04,5,".","femenino",17,4,"Sí","Instagram, Twitter, YouTube, Tik Tok"
"626",126,2023-06-21 10:33:51,1,"peligro","femenino",17,5,"Sí","Instagram, Twitter, Tik Tok"
"627",126,2023-06-21 10:33:51,2,"adiccion","femenino",17,5,"Sí","Instagram, Twitter, Tik Tok"
"628",126,2023-06-21 10:33:51,3,"influencia","femenino",17,5,"Sí","Instagram, Twitter, Tik Tok"
"629",126,2023-06-21 10:33:51,4,"desinformacion","femenino",17,5,"Sí","Instagram, Twitter, Tik Tok"
"630",126,2023-06-21 10:33:51,5,"pocaoriginalidad","femenino",17,5,"Sí","Instagram, Twitter, Tik Tok"
"631",127,2023-06-21 11:43:04,1,"wifi","femenino",17,5,"Sí","Instagram, Twitter, YouTube, Tik Tok"
"632",127,2023-06-21 11:43:04,2,"foto","femenino",17,5,"Sí","Instagram, Twitter, YouTube, Tik Tok"
"633",127,2023-06-21 11:43:04,3,"historia","femenino",17,5,"Sí","Instagram, Twitter, YouTube, Tik Tok"
"634",127,2023-06-21 11:43:04,4,"joda","femenino",17,5,"Sí","Instagram, Twitter, YouTube, Tik Tok"
"635",127,2023-06-21 11:43:04,5,"comunicacion","femenino",17,5,"Sí","Instagram, Twitter, YouTube, Tik Tok"
